ACC,[id],[Time],[X],[Y]
0,1668904125209,0.047884032130241394,0.42856210470199585,9.461885452270508
1,1668904125180,0.2513911724090576,0.3758896589279175,9.399636268615723
2,1668904125215,0.21547815203666687,0.6991068720817566,9.545681953430176
3,1668904125240,0.5147533416748047,1.0247182846069336,10.086771965026855
4,1668904125256,0.6536170840263367,1.3263877630233765,10.72841739654541
5,1668904125291,0.5889736413955688,2.140416383743286,11.207258224487305
6,1668904125315,1.1899182796478271,2.1978771686553955,10.484209060668945
7,1668904125332,1.3000515699386597,1.9369091987609863,10.163386344909668
8,1668904125397,0.8236053586006165,0.7350199222564697,8.98543930053711
9,1668904125422,0.7637503147125244,0.40462008118629456,9.26795482635498
10,1668904125437,1.1324573755264282,-0.4836287498474121,9.399636268615723
11,1668904125467,1.3239935636520386,-0.8427590131759644,10.0580415725708
12,1668904125485,1.2306196689605713,-0.24181437492370605,10.010157585144043
13,1668904125498,1.0845733880996704,0.07661445438861847,9.801861763000488
14,1668904125518,0.8523358106613159,0.6224924325942993,9.744400978088379
15,1668904125551,0.8738836050033569,0.8355764150619507,9.387664794921875
16,1668904125565,1.4772224426269531,1.0965443849563599,9.770736694335938
17,1668904125577,1.7884687185287476,1.0606313943862915,9.765948295593262
18,1668904125600,1.86508309841156,0.5219359993934631,9.409213066101074
19,1668904125627,1.6663644313812256,0.19871874153614044,9.521739959716797
20,1668904125636,1.7046716213226318,0.2944868206977844,9.38048267364502
21,1668904125659,1.5921441316604614,0.7206547260284424,9.229647636413574
22,1668904125778,1.091755986213684,0.33758243918418884,9.38048267364502
23,1668904125801,1.1492167711257935,0.2537853717803955,9.926360130310059
24,1668904125809,1.0319008827209473,0.4429273009300232,10.235212326049805
25,1668904125827,0.8212111592292786,1.01753568649292,10.141838073730469
26,1668904125842,0.7661445140838623,1.3886369466781616,10.201693534851074
27,1668904125851,0.6703764796257019,1.4867992401123047,10.144232749938965
28,1668904125867,0.4908113479614258,1.4245500564575195,10.371682167053223
29,1668904125880,0.6200982332229614,1.3623007535934448,10.460267066955566
30,1668904125897,0.5554547905921936,1.3862427473068237,9.660603523254395
31,1668904125910,0.38067805767059326,1.4221558570861816,9.68694019317627
32,1668904125922,0.12928688526153564,1.5682021379470825,9.75637149810791
33,1668904125933,-0.07422025501728058,1.7741034030914307,9.849745750427246
34,1668904125947,-0.2753331959247589,2.4875755310058594,9.684545516967773
35,1668904125959,-0.22026655077934265,2.449268341064453,9.653421401977539
36,1668904125968,0.24420857429504395,2.3319525718688965,10.070012092590332
37,1668904125980,0.6512228846549988,1.9991583824157715,10.20648193359375
38,1668904125996,0.849941611289978,1.742978811264038,10.29746150970459
39,1668904126010,0.9026140570640564,1.4772224426269531,10.699687004089355
40,1668904126023,0.9696516990661621,1.3910311460494995,10.642226219177246
41,1668904126033,1.1180921792984009,0.9911994934082031,10.366893768310547
42,1668904126045,1.2186486721038818,0.689530074596405,10.414777755737305
43,1668904126061,1.525106430053711,0.27054479718208313,10.802638053894043
44,1668904126074,1.5969325304031372,0.40462008118629456,10.431536674499512
45,1668904126083,1.843535304069519,0.6751648783683777,9.95748519897461
46,1668904126097,1.968033790588379,1.0247182846069336,9.617507934570312
47,1668904126114,1.9919757843017578,1.5322890281677246,9.337387084960938
48,1668904126127,1.9512743949890137,1.5107412338256836,9.17697525024414
49,1668904126136,1.9129672050476074,1.5394717454910278,9.129091262817383
50,1668904126148,2.1571757793426514,1.4652514457702637,9.476250648498535
51,1668904126164,2.2194249629974365,1.2761094570159912,9.672574996948242
52,1668904126177,2.1284453868865967,1.2018892765045166,9.289502143859863
53,1668904126190,2.2194249629974365,1.2737152576446533,8.705317497253418
54,1668904126200,2.1787235736846924,1.0247182846069336,8.549694061279297
55,1668904126216,2.1068975925445557,0.4692635238170624,8.959102630615234
56,1668904126234,2.1068975925445557,0.4692635238170624,8.959102630615234
57,1668904126246,1.8291701078414917,0.727837324142456,8.652645111083984
58,1668904126259,1.6065093278884888,1.5466543436050415,8.293514251708984
59,1668904126268,1.436521053314209,1.889025092124939,8.678980827331543
60,1668904126280,1.335964560508728,1.8171991109848022,8.980650901794434
61,1668904126295,1.3766659498214722,1.6974890232086182,9.330204010009766
62,1668904126311,1.4867992401123047,1.6615760326385498,9.854534149169922
63,1668904126329,1.7908629179000854,2.142810583114624,9.224859237670898
64,1668904126349,2.056619167327881,2.58813214302063,9.009381294250488
65,1668904126358,2.056619167327881,2.58813214302063,9.009381294250488
66,1668904126373,2.580949544906616,3.028665065765381,8.561665534973145
67,1668904126376,2.580949544906616,3.028665065765381,8.561665534973145
68,1668904126390,2.008735179901123,2.8419175148010254,8.734047889709473
69,1668904126397,2.008735179901123,2.8419175148010254,8.734047889709473
70,1668904126409,1.8052281141281128,2.7222073078155518,9.306262016296387
71,1668904126417,1.8052281141281128,2.7222073078155518,9.306262016296387
72,1668904126430,1.9105730056762695,2.5115175247192383,9.332598686218262
73,1668904126442,2.0446481704711914,2.1380221843719482,9.330204010009766
74,1668904126449,2.298433542251587,1.9847931861877441,9.14345645904541
75,1668904126457,2.298433542251587,1.9847931861877441,9.14345645904541
76,1668904126470,2.255337953567505,2.2577321529388428,9.174580574035645
77,1668904126477,2.255337953567505,2.2577321529388428,9.174580574035645
78,1668904126489,1.7836803197860718,2.6815059185028076,8.801085472106934
79,1668904126501,1.558625340461731,2.853888511657715,8.801085472106934
80,1668904126511,1.3742717504501343,3.0142998695373535,9.057265281677246
81,1668904126520,1.1300631761550903,3.2369606494903564,9.409213066101074
82,1668904126528,1.1300631761550903,3.2369606494903564,9.409213066101074
83,1668904126536,1.1037269830703735,3.246537446975708,9.330204010009766
84,1668904126545,1.335964560508728,3.0406360626220703,8.89445972442627
85,1668904126553,1.6711528301239014,2.9257144927978516,8.609549522399902
86,1668904126565,1.8914192914962769,2.786850690841675,8.791508674621582
87,1668904126572,1.98958158493042,2.693476915359497,9.215282440185547
88,1668904126580,2.099714994430542,2.650381326675415,9.651026725769043
89,1668904126593,2.2170307636260986,2.387019157409668,9.725247383117676
90,1668904126598,2.2170307636260986,2.387019157409668,9.725247383117676
91,1668904126607,2.126051187515259,2.557007312774658,8.04691219329834
92,1668904126625,2.5282769203186035,2.669534921646118,8.178592681884766
93,1668904126637,1.3670891523361206,3.8283286094665527,9.038111686706543
94,1668904126663,1.0606313943862915,4.326322555541992,8.96149730682373
95,1668904126682,1.0606313943862915,4.326322555541992,8.96149730682373
96,1668904126752,1.0606313943862915,4.326322555541992,8.96149730682373
97,1668904126847,1.5849615335464478,2.7724854946136475,8.616731643676758
98,1668904126774,1.0606313943862915,4.326322555541992,8.96149730682373
99,1668904126889,1.5849615335464478,2.7724854946136475,8.616731643676758
100,1668904126911,1.5849615335464478,2.7724854946136475,8.616731643676758
101,1668904126963,1.5849615335464478,2.7724854946136475,8.616731643676758
102,1668904126970,1.5849615335464478,2.7724854946136475,8.616731643676758
103,1668904126995,1.9608511924743652,1.8387469053268433,9.114726066589355
104,1668904126981,1.5849615335464478,2.7724854946136475,8.616731643676758
105,1668904128044,-9.59835433959961,7.970297336578369,9.05247688293457
106,1668904128074,-9.59835433959961,7.970297336578369,9.05247688293457
107,1668904128093,-9.59835433959961,7.970297336578369,9.05247688293457
108,1668904128134,-9.59835433959961,7.970297336578369,9.05247688293457
109,1668904128116,-9.59835433959961,7.970297336578369,9.05247688293457
110,1668904128163,-9.59835433959961,7.970297336578369,9.05247688293457
111,1668904128164,-9.59835433959961,7.970297336578369,9.05247688293457
112,1668904128176,-9.59835433959961,7.970297336578369,9.05247688293457
113,1668904128196,-9.59835433959961,7.970297336578369,9.05247688293457
114,1668904128322,-1.1013327836990356,-2.231395959854126,6.71334171295166
115,1668904128348,-1.1013327836990356,-2.231395959854126,6.71334171295166
116,1668904128361,-1.1013327836990356,-2.231395959854126,6.71334171295166
117,1668904128418,-1.1013327836990356,-2.231395959854126,6.71334171295166
118,1668904128409,-1.1013327836990356,-2.231395959854126,6.71334171295166
119,1668904128431,-1.1013327836990356,-2.231395959854126,6.71334171295166
120,1668904128432,-1.1013327836990356,-2.231395959854126,6.71334171295166
121,1668904128436,-1.1013327836990356,-2.231395959854126,6.71334171295166
122,1668904128456,-0.3663128614425659,1.290474772453308,7.079654216766357
123,1668904128486,1.2617442607879639,-3.023876667022705,13.630189895629883
124,1668904128469,-0.3663128614425659,1.290474772453308,7.079654216766357
125,1668904128501,0.2561795711517334,-0.14844051003456116,9.490615844726562
126,1668904128528,0.06224924325942993,-0.7589619159698486,10.72602367401123
127,1668904128534,0.040701430290937424,-0.3256114423274994,10.108319282531738
128,1668904128554,0.12449848651885986,-0.33758243918418884,9.457097053527832
129,1668904128636,0.12449848651885986,-0.33758243918418884,9.457097053527832
130,1668904128647,0.12449848651885986,-0.33758243918418884,9.457097053527832
131,1668904128674,0.12449848651885986,-0.33758243918418884,9.457097053527832
132,1668904128679,0.12449848651885986,-0.33758243918418884,9.457097053527832
133,1668904128691,0.12449848651885986,-0.33758243918418884,9.457097053527832
134,1668904128702,0.12449848651885986,-0.33758243918418884,9.457097053527832
135,1668904128718,0.12449848651885986,-0.33758243918418884,9.457097053527832
136,1668904128726,0.12449848651885986,-0.33758243918418884,9.457097053527832
137,1668904128740,0.12449848651885986,-0.33758243918418884,9.457097053527832
138,1668904128750,0.12449848651885986,-0.33758243918418884,9.457097053527832
139,1668904128760,0.12449848651885986,-0.33758243918418884,9.457097053527832
140,1668904128778,0.12449848651885986,-0.33758243918418884,9.457097053527832
141,1668904128791,0.12449848651885986,-0.33758243918418884,9.457097053527832
142,1668904128802,0.12449848651885986,-0.33758243918418884,9.457097053527832
143,1668904128815,0.12449848651885986,-0.33758243918418884,9.457097053527832
144,1668904128896,0.12449848651885986,-0.33758243918418884,9.457097053527832
145,1668904128926,0.12449848651885986,-0.33758243918418884,9.457097053527832
146,1668904128944,0.12449848651885986,-0.33758243918418884,9.457097053527832
147,1668904128961,0.12449848651885986,-0.33758243918418884,9.457097053527832
148,1668904128971,0.12449848651885986,-0.33758243918418884,9.457097053527832
149,1668904128985,0.12449848651885986,-0.33758243918418884,9.457097053527832
150,1668904128998,0.12449848651885986,-0.33758243918418884,9.457097053527832
151,1668904129035,0.12449848651885986,-0.33758243918418884,9.457097053527832
152,1668904129107,0.12449848651885986,-0.33758243918418884,9.457097053527832
153,1668904129142,0.12449848651885986,-0.33758243918418884,9.457097053527832
154,1668904129130,0.12449848651885986,-0.33758243918418884,9.457097053527832
155,1668904129172,0.12449848651885986,-0.33758243918418884,9.457097053527832
156,1668904129205,0.12449848651885986,-0.33758243918418884,9.457097053527832
157,1668904129259,0.12449848651885986,-0.33758243918418884,9.457097053527832
158,1668904129247,0.12449848651885986,-0.33758243918418884,9.457097053527832
159,1668904129286,0.12449848651885986,-0.33758243918418884,9.457097053527832
160,1668904129300,0.12449848651885986,-0.33758243918418884,9.457097053527832
161,1668904129314,0.12449848651885986,-0.33758243918418884,9.457097053527832
162,1668904129379,0.12449848651885986,-0.33758243918418884,9.457097053527832
163,1668904129380,0.12449848651885986,-0.33758243918418884,9.457097053527832
164,1668904129407,0.12449848651885986,-0.33758243918418884,9.457097053527832
165,1668904129431,0.12449848651885986,-0.33758243918418884,9.457097053527832
166,1668904129449,0.12449848651885986,-0.33758243918418884,9.457097053527832
167,1668904129467,0.12449848651885986,-0.33758243918418884,9.457097053527832
168,1668904129477,0.12449848651885986,-0.33758243918418884,9.457097053527832
169,1668904129495,0.12449848651885986,-0.33758243918418884,9.457097053527832
170,1668904129509,0.12449848651885986,-0.33758243918418884,9.457097053527832
171,1668904129523,0.12449848651885986,-0.33758243918418884,9.457097053527832
172,1668904129539,0.12449848651885986,-0.33758243918418884,9.457097053527832
173,1668904129571,0.12449848651885986,-0.33758243918418884,9.457097053527832
174,1668904129605,0.12449848651885986,-0.33758243918418884,9.457097053527832
175,1668904129622,0.12449848651885986,-0.33758243918418884,9.457097053527832
176,1668904129596,0.12449848651885986,-0.33758243918418884,9.457097053527832
177,1668904129646,0.12449848651885986,-0.33758243918418884,9.457097053527832
178,1668904129667,0.12449848651885986,-0.33758243918418884,9.457097053527832
179,1668904129678,0.12449848651885986,-0.33758243918418884,9.457097053527832
180,1668904129709,0.12449848651885986,-0.33758243918418884,9.457097053527832
181,1668904129752,0.12449848651885986,-0.33758243918418884,9.457097053527832
182,1668904129796,0.12449848651885986,-0.33758243918418884,9.457097053527832
183,1668904129809,0.12449848651885986,-0.33758243918418884,9.457097053527832
184,1668904129823,0.12449848651885986,-0.33758243918418884,9.457097053527832
185,1668904129844,0.12449848651885986,-0.33758243918418884,9.457097053527832
186,1668904129855,0.12449848651885986,-0.33758243918418884,9.457097053527832
187,1668904129870,0.12449848651885986,-0.33758243918418884,9.457097053527832
188,1668904129892,0.12449848651885986,-0.33758243918418884,9.457097053527832
189,1668904129902,0.12449848651885986,-0.33758243918418884,9.457097053527832
190,1668904129922,0.12449848651885986,-0.33758243918418884,9.457097053527832
191,1668904129936,0.12449848651885986,-0.33758243918418884,9.457097053527832
192,1668904129960,0.12449848651885986,-0.33758243918418884,9.457097053527832
193,1668904129972,0.12449848651885986,-0.33758243918418884,9.457097053527832
194,1668904129982,0.12449848651885986,-0.33758243918418884,9.457097053527832
195,1668904130009,0.12449848651885986,-0.33758243918418884,9.457097053527832
196,1668904130022,0.12449848651885986,-0.33758243918418884,9.457097053527832
197,1668904130040,0.12449848651885986,-0.33758243918418884,9.457097053527832
198,1668904130052,0.12449848651885986,-0.33758243918418884,9.457097053527832
199,1668904130076,0.12449848651885986,-0.33758243918418884,9.457097053527832
200,1668904130091,0.12449848651885986,-0.33758243918418884,9.457097053527832
201,1668904130105,0.12449848651885986,-0.33758243918418884,9.457097053527832
202,1668904130123,0.12449848651885986,-0.33758243918418884,9.457097053527832
203,1668904130135,0.12449848651885986,-0.33758243918418884,9.457097053527832
204,1668904130167,0.12449848651885986,-0.33758243918418884,9.457097053527832
205,1668904130176,0.12449848651885986,-0.33758243918418884,9.457097053527832
206,1668904130215,0.12449848651885986,-0.33758243918418884,9.457097053527832
207,1668904130234,0.12449848651885986,-0.33758243918418884,9.457097053527832
208,1668904130247,0.12449848651885986,-0.33758243918418884,9.457097053527832
209,1668904130200,0.12449848651885986,-0.33758243918418884,9.457097053527832
210,1668904130304,0.12449848651885986,-0.33758243918418884,9.457097053527832
211,1668904130318,0.12449848651885986,-0.33758243918418884,9.457097053527832
212,1668904130356,0.12449848651885986,-0.33758243918418884,9.457097053527832
213,1668904130344,0.12449848651885986,-0.33758243918418884,9.457097053527832
214,1668904130369,0.12449848651885986,-0.33758243918418884,9.457097053527832
215,1668904130396,0.12449848651885986,-0.33758243918418884,9.457097053527832
216,1668904130413,0.12449848651885986,-0.33758243918418884,9.457097053527832
217,1668904130385,0.12449848651885986,-0.33758243918418884,9.457097053527832
218,1668904130430,0.12449848651885986,-0.33758243918418884,9.457097053527832
219,1668904130445,0.12449848651885986,-0.33758243918418884,9.457097053527832
220,1668904130469,0.12449848651885986,-0.33758243918418884,9.457097053527832
221,1668904130491,0.12449848651885986,-0.33758243918418884,9.457097053527832
222,1668904130505,0.12449848651885986,-0.33758243918418884,9.457097053527832
223,1668904130519,0.12449848651885986,-0.33758243918418884,9.457097053527832
224,1668904130534,0.12449848651885986,-0.33758243918418884,9.457097053527832
225,1668904130547,0.12449848651885986,-0.33758243918418884,9.457097053527832
226,1668904130562,0.12449848651885986,-0.33758243918418884,9.457097053527832
227,1668904130576,0.12449848651885986,-0.33758243918418884,9.457097053527832
228,1668904130589,0.12449848651885986,-0.33758243918418884,9.457097053527832
229,1668904130634,0.12449848651885986,-0.33758243918418884,9.457097053527832
230,1668904130648,0.12449848651885986,-0.33758243918418884,9.457097053527832
231,1668904130663,0.12449848651885986,-0.33758243918418884,9.457097053527832
232,1668904130676,0.12449848651885986,-0.33758243918418884,9.457097053527832
233,1668904130694,0.12449848651885986,-0.33758243918418884,9.457097053527832
234,1668904130721,0.12449848651885986,-0.33758243918418884,9.457097053527832
235,1668904130709,0.12449848651885986,-0.33758243918418884,9.457097053527832
236,1668904130746,0.12449848651885986,-0.33758243918418884,9.457097053527832
237,1668904130765,0.12449848651885986,-0.33758243918418884,9.457097053527832
238,1668904130774,0.12449848651885986,-0.33758243918418884,9.457097053527832
239,1668904130787,0.12449848651885986,-0.33758243918418884,9.457097053527832
240,1668904130800,0.12449848651885986,-0.33758243918418884,9.457097053527832
241,1668904130817,0.12449848651885986,-0.33758243918418884,9.457097053527832
242,1668904130827,0.12449848651885986,-0.33758243918418884,9.457097053527832
243,1668904130845,0.12449848651885986,-0.33758243918418884,9.457097053527832
244,1668904130865,0.12449848651885986,-0.33758243918418884,9.457097053527832
245,1668904130876,0.12449848651885986,-0.33758243918418884,9.457097053527832
246,1668904130905,0.12449848651885986,-0.33758243918418884,9.457097053527832
247,1668904130920,0.12449848651885986,-0.33758243918418884,9.457097053527832
248,1668904130970,0.12449848651885986,-0.33758243918418884,9.457097053527832
249,1668904130982,0.12449848651885986,-0.33758243918418884,9.457097053527832
250,1668904130995,0.12449848651885986,-0.33758243918418884,9.457097053527832
251,1668904131011,0.12449848651885986,-0.33758243918418884,9.457097053527832
252,1668904131027,0.12449848651885986,-0.33758243918418884,9.457097053527832
253,1668904131045,0.12449848651885986,-0.33758243918418884,9.457097053527832
254,1668904131060,0.12449848651885986,-0.33758243918418884,9.457097053527832
255,1668904131070,0.12449848651885986,-0.33758243918418884,9.457097053527832
256,1668904131081,0.12449848651885986,-0.33758243918418884,9.457097053527832
257,1668904131101,0.12449848651885986,-0.33758243918418884,9.457097053527832
258,1668904131110,0.12449848651885986,-0.33758243918418884,9.457097053527832
259,1668904131142,0.12449848651885986,-0.33758243918418884,9.457097053527832
260,1668904131133,0.12449848651885986,-0.33758243918418884,9.457097053527832
261,1668904131157,0.12449848651885986,-0.33758243918418884,9.457097053527832
262,1668904131165,0.12449848651885986,-0.33758243918418884,9.457097053527832
263,1668904131179,0.12449848651885986,-0.33758243918418884,9.457097053527832
264,1668904131186,0.12449848651885986,-0.33758243918418884,9.457097053527832
265,1668904131196,0.12449848651885986,-0.33758243918418884,9.457097053527832
266,1668904131253,0.12449848651885986,-0.33758243918418884,9.457097053527832
267,1668904131273,0.12449848651885986,-0.33758243918418884,9.457097053527832
268,1668904131272,0.12449848651885986,-0.33758243918418884,9.457097053527832
269,1668904131311,0.07182604819536209,-0.38546648621559143,9.797073364257812
270,1668904131325,0.07182604819536209,-0.38546648621559143,9.797073364257812
271,1668904131335,0.07182604819536209,-0.38546648621559143,9.797073364257812
272,1668904131350,0.07182604819536209,-0.38546648621559143,9.797073364257812
273,1668904131365,0.07182604819536209,-0.38546648621559143,9.797073364257812
274,1668904131377,0.07182604819536209,-0.38546648621559143,9.797073364257812
275,1668904131419,0.07182604819536209,-0.38546648621559143,9.797073364257812
276,1668904131450,0.07182604819536209,-0.38546648621559143,9.797073364257812
277,1668904131467,0.07182604819536209,-0.38546648621559143,9.797073364257812
278,1668904131544,-0.021547814831137657,-0.33518823981285095,9.72285270690918
279,1668904131535,0.08379705995321274,-0.4429273009300232,9.782708168029785
280,1668904131569,0.047884032130241394,-0.40940847992897034,9.792284965515137
281,1668904131592,0.07422025501728058,-0.4118026793003082,9.780313491821289
282,1668904131605,0.05027823522686958,-0.38067805767059326,9.832986831665039
283,1668904131673,0.12449848651885986,-0.45010992884635925,9.792284965515137
284,1668904131684,0.12449848651885986,-0.45010992884635925,9.792284965515137
285,1668904131704,0.004788403399288654,-0.2968810200691223,9.768342971801758
286,1668904131720,-0.019153613597154617,-0.40222588181495667,9.75637149810791
287,1668904131727,-0.019153613597154617,-0.40222588181495667,9.75637149810791
288,1668904131743,0.021547814831137657,-0.3926490843296051,9.787496566772461
289,1668904131756,0.026336219161748886,-0.35434186458587646,9.746794700622559
290,1668904131770,0.07900865375995636,-0.40462008118629456,9.81143856048584
291,1668904131781,0.07661445438861847,-0.4141969084739685,9.737217903137207
292,1668904131793,0.040701430290937424,-0.42377370595932007,9.744400978088379
293,1668904131806,0.021547814831137657,-0.36152446269989014,9.725247383117676
294,1668904131821,0.07182604819536209,-0.3974374830722809,9.825803756713867
295,1668904131825,0.07182604819536209,-0.3974374830722809,9.825803756713867
296,1668904131838,0.06224924325942993,-0.40462008118629456,9.746794700622559
297,1668904131845,0.06224924325942993,-0.40462008118629456,9.746794700622559
298,1668904131860,0.090979665517807,-0.395043283700943,9.727641105651855
299,1668904131872,0.05267243832349777,-0.4189853072166443,9.792284965515137
300,1668904131885,0.040701430290937424,-0.35434186458587646,9.75637149810791
301,1668904131895,0.040701430290937424,-0.31842881441116333,9.81143856048584
302,1668904131910,0.038307227194309235,-0.37828385829925537,9.727641105651855
303,1668904131924,0.023942016065120697,-0.3902548849582672,9.775525093078613
304,1668904131936,-0.016759412363171577,-0.3711012601852417,9.718064308166504
305,1668904131947,0.035913024097681046,-0.3902548849582672,9.72285270690918
306,1668904131964,-0.023942016065120697,-0.33518823981285095,9.732429504394531
307,1668904131976,0.028730420395731926,-0.40940847992897034,9.75397777557373
308,1668904131992,0.0071826050989329815,-0.35673606395721436,9.768342971801758
309,1668904132003,0.1149216815829277,-0.33518823981285095,9.787496566772461
310,1668904132061,0.047884032130241394,-0.35673606395721436,9.773131370544434
311,1668904132041,0.016759412363171577,-0.4429273009300232,9.75637149810791
312,1668904132072,0.047884032130241394,-0.35673606395721436,9.773131370544434
313,1668904132090,0.05506663769483566,-0.43095630407333374,9.792284965515137
314,1668904132103,0.026336219161748886,-0.3663128614425659,9.780313491821289
315,1668904132106,0.026336219161748886,-0.3663128614425659,9.780313491821289
316,1668904132115,0.033518824726343155,-0.3519476354122162,9.770736694335938
317,1668904132123,0.028730420395731926,-0.3447650372982025,9.799467086791992
318,1668904132130,0.028730420395731926,-0.3447650372982025,9.799467086791992
319,1668904132142,0.026336219161748886,-0.40222588181495667,9.78989028930664
320,1668904132150,0.026336219161748886,-0.40222588181495667,9.78989028930664
321,1668904132156,0.05027823522686958,-0.395043283700943,9.773131370544434
322,1668904132168,-0.0071826050989329815,-0.38067805767059326,9.720458984375
323,1668904132175,-0.011971008032560349,-0.3758896589279175,9.742006301879883
324,1668904132184,0.047884032130241394,-0.3519476354122162,9.780313491821289
325,1668904132190,0.047884032130241394,-0.3519476354122162,9.780313491821289
326,1668904132199,0.05506663769483566,-0.4429273009300232,9.746794700622559
327,1668904132218,0.1149216815829277,-0.507570743560791,9.832986831665039
328,1668904132252,0.011971008032560349,-0.35913026332855225,9.801861763000488
329,1668904132262,0.019153613597154617,-0.4381389021873474,9.794678688049316
330,1668904132277,0.043095629662275314,-0.36152446269989014,9.751583099365234
331,1668904132293,-0.002394201699644327,-0.45489832758903503,9.746794700622559
332,1668904132303,0.0454898327589035,-0.38067805767059326,9.763554573059082
333,1668904132313,0.023942016065120697,-0.42616790533065796,9.720458984375
334,1668904132326,0.011971008032560349,-0.3711012601852417,9.75637149810791
335,1668904132335,-0.002394201699644327,-0.5123591423034668,9.84256362915039
336,1668904132342,0.07900865375995636,-0.3687070608139038,9.761159896850586
337,1668904132352,0.040701430290937424,-0.3902548849582672,9.703699111938477
338,1668904132359,0.040701430290937424,-0.3902548849582672,9.703699111938477
339,1668904132369,0.023942016065120697,-0.4189853072166443,9.75397777557373
340,1668904132378,0.033518824726343155,-0.4189853072166443,9.785101890563965
341,1668904132387,0.043095629662275314,-0.40222588181495667,9.732429504394531
342,1668904132397,0.09816227108240128,-0.36152446269989014,9.737217903137207
343,1668904132407,0.06224924325942993,-0.35434186458587646,9.720458984375
344,1668904132418,0.009576806798577309,-0.33997663855552673,9.794678688049316
345,1668904132428,0.033518824726343155,-0.3878606855869293,9.773131370544434
346,1668904132438,0.047884032130241394,-0.40222588181495667,9.775525093078613
347,1668904132446,0.05027823522686958,-0.38067805767059326,9.780313491821289
348,1668904132455,0.0694318488240242,-0.45489832758903503,9.768342971801758
349,1668904132462,0.026336219161748886,-0.3902548849582672,9.758766174316406
350,1668904132470,0.026336219161748886,-0.3902548849582672,9.758766174316406
351,1668904132480,0.023942016065120697,-0.35673606395721436,9.799467086791992
352,1668904132489,0.026336219161748886,-0.3998316824436188,9.77791976928711
353,1668904132498,0.009576806798577309,-0.4405331015586853,9.737217903137207
354,1668904132507,0.08619125932455063,-0.42377370595932007,9.732429504394531
355,1668904132519,0.0071826050989329815,-0.38546648621559143,9.765948295593262
356,1668904132526,0.05985504388809204,-0.395043283700943,9.818621635437012
357,1668904132536,0.0071826050989329815,-0.3663128614425659,9.696516990661621
358,1668904132544,0.016759412363171577,-0.3974374830722809,9.734824180603027
359,1668904132553,0.021547814831137657,-0.45250412821769714,9.734824180603027
360,1668904132563,0.026336219161748886,-0.38546648621559143,9.775525093078613
361,1668904132571,0.026336219161748886,-0.38546648621559143,9.775525093078613
362,1668904132580,0.031124621629714966,-0.40701428055763245,9.765948295593262
363,1668904132588,0.004788403399288654,-0.4141969084739685,9.708487510681152
364,1668904132598,0.047884032130241394,-0.3878606855869293,9.75397777557373
365,1668904132606,0.0454898327589035,-0.4644751250743866,9.715670585632324
366,1668904132614,-0.011971008032560349,-0.37828385829925537,9.821015357971191
367,1668904132620,-0.011971008032560349,-0.37828385829925537,9.821015357971191
368,1668904132629,0.040701430290937424,-0.3471592366695404,9.715670585632324
369,1668904132637,0.07182604819536209,-0.363918662071228,9.801861763000488
370,1668904132644,0.026336219161748886,-0.31124621629714966,9.751583099365234
371,1668904132650,0.026336219161748886,-0.31124621629714966,9.751583099365234
372,1668904132658,0.05985504388809204,-0.44771572947502136,9.799467086791992
373,1668904132665,0.019153613597154617,-0.33758243918418884,9.75397777557373
374,1668904132672,0.0933738648891449,-0.42616790533065796,9.725247383117676
375,1668904132680,0.0933738648891449,-0.42616790533065796,9.725247383117676
376,1668904132687,0.0694318488240242,-0.38546648621559143,9.75397777557373
377,1668904132695,0.05027823522686958,-0.38067805767059326,9.818621635437012
378,1668904132701,0.05027823522686958,-0.38067805767059326,9.818621635437012
379,1668904132708,0.023942016065120697,-0.3734954595565796,9.785101890563965
380,1668904132717,0.05027823522686958,-0.48602294921875,9.758766174316406
381,1668904132726,0.021547814831137657,-0.395043283700943,9.761159896850586
382,1668904132731,0.021547814831137657,-0.395043283700943,9.761159896850586
383,1668904132739,0.023942016065120697,-0.3734954595565796,9.797073364257812
384,1668904132747,0.038307227194309235,-0.38067805767059326,9.775525093078613
385,1668904132755,0.014365210197865963,-0.38067805767059326,9.72285270690918
386,1668904132764,0.0454898327589035,-0.40701428055763245,9.785101890563965
387,1668904132771,0.0454898327589035,-0.40701428055763245,9.785101890563965
388,1668904132779,0.011971008032560349,-0.3471592366695404,9.727641105651855
389,1668904132787,0.040701430290937424,-0.35913026332855225,9.75637149810791
390,1668904132796,-0.011971008032560349,-0.45010992884635925,9.787496566772461
391,1668904132801,-0.011971008032560349,-0.45010992884635925,9.787496566772461
392,1668904132809,0.033518824726343155,-0.4118026793003082,9.758766174316406
393,1668904132816,0.05746084079146385,-0.40462008118629456,9.770736694335938
394,1668904132823,0.040701430290937424,-0.363918662071228,9.81143856048584
395,1668904132830,0.040701430290937424,-0.363918662071228,9.81143856048584
396,1668904132838,0.05746084079146385,-0.395043283700943,9.770736694335938
397,1668904132845,-0.031124621629714966,-0.3926490843296051,9.828198432922363
398,1668904132852,-0.031124621629714966,-0.3926490843296051,9.828198432922363
399,1668904132860,-0.040701430290937424,-0.4165911078453064,9.765948295593262
400,1668904132868,0.004788403399288654,-0.4118026793003082,9.77791976928711
401,1668904132874,0.004788403399288654,-0.4118026793003082,9.77791976928711
402,1668904132882,0.009576806798577309,-0.36152446269989014,9.720458984375
403,1668904132889,0.014365210197865963,-0.40701428055763245,9.746794700622559
404,1668904132897,0.004788403399288654,-0.35673606395721436,9.770736694335938
405,1668904132906,-0.014365210197865963,-0.38067805767059326,9.78989028930664
406,1668904132912,-0.014365210197865963,-0.38067805767059326,9.78989028930664
407,1668904132922,0.028730420395731926,-0.4118026793003082,9.78989028930664
408,1668904132930,0.035913024097681046,-0.4118026793003082,9.816226959228516
409,1668904132938,0.031124621629714966,-0.4381389021873474,9.799467086791992
410,1668904132946,0.06224924325942993,-0.45010992884635925,9.758766174316406
411,1668904132953,0.06224924325942993,-0.45010992884635925,9.758766174316406
412,1668904132962,0.016759412363171577,-0.3447650372982025,9.737217903137207
413,1668904132971,-0.002394201699644327,-0.38067805767059326,9.768342971801758
414,1668904132981,0.016759412363171577,-0.45489832758903503,9.706093788146973
415,1668904132993,-0.035913024097681046,-0.3902548849582672,9.81143856048584
416,1668904133001,-0.014365210197865963,-0.44532153010368347,9.775525093078613
417,1668904133009,-0.047884032130241394,-0.47165772318840027,9.763554573059082
418,1668904133014,-0.047884032130241394,-0.47165772318840027,9.763554573059082
419,1668904133022,0.028730420395731926,-0.4692635238170624,9.75397777557373
420,1668904133030,0.035913024097681046,-0.3902548849582672,9.794678688049316
421,1668904133036,0.035913024097681046,-0.3902548849582672,9.794678688049316
422,1668904133043,-0.031124621629714966,-0.3280056416988373,9.720458984375
423,1668904133051,0.023942016065120697,-0.3663128614425659,9.718064308166504
424,1668904133057,0.023942016065120697,-0.3663128614425659,9.718064308166504
425,1668904133064,0.028730420395731926,-0.3926490843296051,9.758766174316406
426,1668904133071,0.021547814831137657,-0.37828385829925537,9.746794700622559
427,1668904133079,0.004788403399288654,-0.43095630407333374,9.758766174316406
428,1668904133088,0.002394201699644327,-0.45250412821769714,9.734824180603027
429,1668904133096,0.05985504388809204,-0.3687070608139038,9.718064308166504
430,1668904133104,0.05985504388809204,-0.3687070608139038,9.718064308166504
431,1668904133110,0.0071826050989329815,-0.42616790533065796,9.765948295593262
432,1668904133117,0.033518824726343155,-0.4405331015586853,9.744400978088379
433,1668904133123,0.033518824726343155,-0.4405331015586853,9.744400978088379
434,1668904133131,0.05985504388809204,-0.4141969084739685,9.782708168029785
435,1668904133139,-0.033518824726343155,-0.3998316824436188,9.75397777557373
436,1668904133146,0.019153613597154617,-0.40940847992897034,9.746794700622559
437,1668904133152,0.019153613597154617,-0.40940847992897034,9.746794700622559
438,1668904133159,0.043095629662275314,-0.395043283700943,9.720458984375
439,1668904133166,-0.05985504388809204,-0.3998316824436188,9.770736694335938
440,1668904133175,-0.05985504388809204,-0.3998316824436188,9.770736694335938
441,1668904133187,-0.043095629662275314,-0.45489832758903503,9.758766174316406
442,1668904133193,-0.043095629662275314,-0.45489832758903503,9.758766174316406
443,1668904133208,-0.043095629662275314,-0.38307225704193115,9.742006301879883
444,1668904133233,0.05027823522686958,-0.4118026793003082,9.813833236694336
445,1668904133241,0.014365210197865963,-0.3878606855869293,9.799467086791992
446,1668904133249,-0.016759412363171577,-0.4165911078453064,9.773131370544434
447,1668904133257,0.004788403399288654,-0.40940847992897034,9.830592155456543
448,1668904133263,0.004788403399288654,-0.40940847992897034,9.830592155456543
449,1668904133272,0.023942016065120697,-0.4118026793003082,9.785101890563965
450,1668904133281,-0.0071826050989329815,-0.3663128614425659,9.761159896850586
451,1668904133288,0.031124621629714966,-0.4118026793003082,9.758766174316406
452,1668904133294,0.031124621629714966,-0.4118026793003082,9.758766174316406
453,1668904133301,-0.026336219161748886,-0.37828385829925537,9.763554573059082
454,1668904133307,0.07661445438861847,-0.4213795065879822,9.78989028930664
455,1668904133314,0.07661445438861847,-0.4213795065879822,9.78989028930664
456,1668904133321,0.016759412363171577,-0.3519476354122162,9.75637149810791
457,1668904133328,0.038307227194309235,-0.3711012601852417,9.77791976928711
458,1668904133333,0.038307227194309235,-0.3711012601852417,9.77791976928711
459,1668904133342,-0.002394201699644327,-0.363918662071228,9.761159896850586
460,1668904133349,0.035913024097681046,-0.45489832758903503,9.746794700622559
461,1668904133356,0.035913024097681046,-0.45489832758903503,9.746794700622559
462,1668904133367,0.06224924325942993,-0.44532153010368347,9.792284965515137
463,1668904133373,0.06224924325942993,-0.44532153010368347,9.792284965515137
464,1668904133382,0.0454898327589035,-0.3974374830722809,9.751583099365234
465,1668904133392,0.004788403399288654,-0.33758243918418884,9.751583099365234
466,1668904133399,0.0933738648891449,-0.42856210470199585,9.730035781860352
467,1668904133408,0.05027823522686958,-0.3998316824436188,9.727641105651855
468,1668904133416,0.05027823522686958,-0.3998316824436188,9.727641105651855
469,1668904133424,-0.016759412363171577,-0.38546648621559143,9.742006301879883
470,1668904133432,0.016759412363171577,-0.3495534360408783,9.744400978088379
471,1668904133441,0.0,-0.38546648621559143,9.761159896850586
472,1668904133450,0.0,-0.3926490843296051,9.751583099365234
473,1668904133458,-0.023942016065120697,-0.42377370595932007,9.75397777557373
474,1668904133468,0.014365210197865963,-0.37828385829925537,9.761159896850586
475,1668904133474,0.014365210197865963,-0.37828385829925537,9.761159896850586
476,1668904133484,0.0694318488240242,-0.3974374830722809,9.80904483795166
477,1668904133492,0.07661445438861847,-0.43335050344467163,9.749189376831055
478,1668904133501,0.009576806798577309,-0.3687070608139038,9.742006301879883
479,1668904133510,-0.014365210197865963,-0.4165911078453064,9.794678688049316
480,1668904133523,0.021547814831137657,-0.4118026793003082,9.744400978088379
481,1668904133529,0.021547814831137657,-0.4118026793003082,9.744400978088379
482,1668904133537,0.023942016065120697,-0.40701428055763245,9.763554573059082
483,1668904133547,0.0071826050989329815,-0.40222588181495667,9.773131370544434
484,1668904133563,0.05027823522686958,-0.40701428055763245,9.794678688049316
485,1668904133572,-0.009576806798577309,-0.3926490843296051,9.799467086791992
486,1668904133579,-0.009576806798577309,-0.3926490843296051,9.799467086791992
487,1668904133587,0.023942016065120697,-0.3974374830722809,9.751583099365234
488,1668904133594,0.031124621629714966,-0.3423708379268646,9.701305389404297
489,1668904133604,0.023942016065120697,-0.33758243918418884,9.746794700622559
490,1668904133612,0.06224924325942993,-0.43095630407333374,9.744400978088379
491,1668904133618,0.06224924325942993,-0.43095630407333374,9.744400978088379
492,1668904133628,-0.016759412363171577,-0.40462008118629456,9.72285270690918
493,1668904133637,0.009576806798577309,-0.3758896589279175,9.75637149810791
494,1668904133644,0.043095629662275314,-0.3734954595565796,9.818621635437012
495,1668904133655,0.0071826050989329815,-0.4405331015586853,9.713275909423828
496,1668904133666,-0.038307227194309235,-0.3280056416988373,9.746794700622559
497,1668904133677,0.08379705995321274,-0.40462008118629456,9.761159896850586
498,1668904133686,0.014365210197865963,-0.49559974670410156,9.80904483795166
499,1668904133694,0.05267243832349777,-0.4429273009300232,9.734824180603027
500,1668904133704,0.05985504388809204,-0.3687070608139038,9.727641105651855
501,1668904133710,0.05985504388809204,-0.3687070608139038,9.727641105651855
502,1668904133720,-0.014365210197865963,-0.3758896589279175,9.761159896850586
503,1668904133728,-0.004788403399288654,-0.38546648621559143,9.806650161743164
504,1668904133737,-0.016759412363171577,-0.33758243918418884,9.737217903137207
505,1668904133748,0.038307227194309235,-0.3758896589279175,9.768342971801758
506,1668904133756,-0.021547814831137657,-0.3926490843296051,9.775525093078613
507,1668904133766,0.009576806798577309,-0.47884035110473633,9.794678688049316
508,1668904133774,0.043095629662275314,-0.40701428055763245,9.75637149810791
509,1668904133783,0.021547814831137657,-0.43095630407333374,9.765948295593262
510,1668904133792,0.0,-0.363918662071228,9.780313491821289
511,1668904133800,0.0,-0.363918662071228,9.780313491821289
512,1668904133810,0.014365210197865963,-0.4381389021873474,9.744400978088379
513,1668904133818,0.009576806798577309,-0.37828385829925537,9.77791976928711
514,1668904133825,0.033518824726343155,-0.40462008118629456,9.732429504394531
515,1668904133834,-0.011971008032560349,-0.3926490843296051,9.751583099365234
516,1668904133845,0.011971008032560349,-0.44771572947502136,9.794678688049316
517,1668904133854,0.0,-0.4189853072166443,9.672574996948242
518,1668904133874,0.0071826050989329815,-0.35673606395721436,9.768342971801758
519,1668904133885,-0.004788403399288654,-0.4118026793003082,9.775525093078613
520,1668904133896,0.033518824726343155,-0.43095630407333374,9.739612579345703
521,1668904133906,0.0,-0.42377370595932007,9.763554573059082
522,1668904133918,0.0071826050989329815,-0.33518823981285095,9.768342971801758
523,1668904133930,-0.026336219161748886,-0.5051765441894531,9.804255485534668
524,1668904133941,-0.033518824726343155,-0.38307225704193115,9.703699111938477
525,1668904133956,0.043095629662275314,-0.4165911078453064,9.732429504394531
526,1668904133968,0.019153613597154617,-0.38546648621559143,9.761159896850586
527,1668904133981,-0.014365210197865963,-0.42856210470199585,9.78989028930664
528,1668904133990,-0.002394201699644327,-0.35673606395721436,9.68694019317627
529,1668904133999,0.004788403399288654,-0.40462008118629456,9.80904483795166
530,1668904134008,-0.05027823522686958,-0.42377370595932007,9.732429504394531
531,1668904134018,-0.05027823522686958,-0.43335050344467163,9.734824180603027
532,1668904134028,0.040701430290937424,-0.37828385829925537,9.768342971801758
533,1668904134040,-0.08619125932455063,-0.45250412821769714,9.77791976928711
534,1668904134048,0.05506663769483566,-0.4213795065879822,9.715670585632324
535,1668904134058,0.028730420395731926,-0.42616790533065796,9.787496566772461
536,1668904134067,0.026336219161748886,-0.4165911078453064,9.804255485534668
537,1668904134073,0.026336219161748886,-0.4165911078453064,9.804255485534668
538,1668904134083,-0.06224924325942993,-0.42856210470199585,9.763554573059082
539,1668904134092,0.08619125932455063,-0.4165911078453064,9.763554573059082
540,1668904134102,0.08379705995321274,-0.35673606395721436,9.758766174316406
541,1668904134111,0.05267243832349777,-0.3687070608139038,9.746794700622559
542,1668904134121,0.0933738648891449,-0.4165911078453064,9.775525093078613
543,1668904134132,0.004788403399288654,-0.3998316824436188,9.761159896850586
544,1668904134144,-0.0071826050989329815,-0.45250412821769714,9.763554573059082
545,1668904134151,-0.0071826050989329815,-0.45250412821769714,9.763554573059082
546,1668904134159,0.05027823522686958,-0.43335050344467163,9.799467086791992
547,1668904134169,0.033518824726343155,-0.4118026793003082,9.763554573059082
548,1668904134176,0.08379705995321274,-0.4381389021873474,9.727641105651855
549,1668904134185,0.021547814831137657,-0.4668693244457245,9.742006301879883
550,1668904134195,-0.05985504388809204,-0.42856210470199585,9.84256362915039
551,1668904134205,-0.023942016065120697,-0.3926490843296051,9.720458984375
552,1668904134219,0.028730420395731926,-0.3878606855869293,9.758766174316406
553,1668904134237,0.033518824726343155,-0.4357447028160095,9.758766174316406
554,1668904134245,-0.002394201699644327,-0.3926490843296051,9.710882186889648
555,1668904134252,-0.002394201699644327,-0.3926490843296051,9.710882186889648
556,1668904134260,0.014365210197865963,-0.40701428055763245,9.751583099365234
557,1668904134269,-0.019153613597154617,-0.395043283700943,9.732429504394531
558,1668904134276,0.031124621629714966,-0.40462008118629456,9.775525093078613
559,1668904134282,0.031124621629714966,-0.40462008118629456,9.775525093078613
560,1668904134289,-0.014365210197865963,-0.4357447028160095,9.742006301879883
561,1668904134297,-0.011971008032560349,-0.3998316824436188,9.75397777557373
562,1668904134304,-0.021547814831137657,-0.45010992884635925,9.775525093078613
563,1668904134310,-0.021547814831137657,-0.45010992884635925,9.775525093078613
564,1668904134318,0.026336219161748886,-0.3734954595565796,9.792284965515137
565,1668904134325,-0.05506663769483566,-0.38546648621559143,9.799467086791992
566,1668904134331,-0.05506663769483566,-0.38546648621559143,9.799467086791992
567,1668904134339,0.021547814831137657,-0.3998316824436188,9.730035781860352
568,1668904134347,-0.004788403399288654,-0.3495534360408783,9.78989028930664
569,1668904134356,0.038307227194309235,-0.4381389021873474,9.792284965515137
570,1668904134366,0.009576806798577309,-0.45010992884635925,9.761159896850586
571,1668904134374,0.009576806798577309,-0.45010992884635925,9.761159896850586
572,1668904134381,0.021547814831137657,-0.4405331015586853,9.80904483795166
573,1668904134391,-0.047884032130241394,-0.42616790533065796,9.725247383117676
574,1668904134401,0.033518824726343155,-0.4165911078453064,9.801861763000488
575,1668904134412,0.0,-0.3471592366695404,9.787496566772461
576,1668904134420,-0.019153613597154617,-0.43335050344467163,9.797073364257812
577,1668904134428,0.002394201699644327,-0.3926490843296051,9.794678688049316
578,1668904134442,-0.038307227194309235,-0.4357447028160095,9.75637149810791
579,1668904134451,0.016759412363171577,-0.4620809257030487,9.734824180603027
580,1668904134458,0.07661445438861847,-0.38307225704193115,9.75637149810791
581,1668904134468,-0.016759412363171577,-0.4572925269603729,9.773131370544434
582,1668904134477,0.038307227194309235,-0.4141969084739685,9.718064308166504
583,1668904134487,-0.011971008032560349,-0.4141969084739685,9.832986831665039
584,1668904134494,-0.011971008032560349,-0.4141969084739685,9.832986831665039
585,1668904134502,-0.028730420395731926,-0.47644615173339844,9.77791976928711
586,1668904134512,-0.004788403399288654,-0.42616790533065796,9.773131370544434
587,1668904134528,0.05506663769483566,-0.4836287498474121,9.701305389404297
588,1668904134538,-0.023942016065120697,-0.3998316824436188,9.780313491821289
589,1668904134548,-0.05027823522686958,-0.37828385829925537,9.742006301879883
590,1668904134559,0.043095629662275314,-0.4165911078453064,9.715670585632324
591,1668904134570,-0.026336219161748886,-0.3878606855869293,9.806650161743164
592,1668904134580,-0.038307227194309235,-0.395043283700943,9.773131370544434
593,1668904134587,0.011971008032560349,-0.40701428055763245,9.792284965515137
594,1668904134597,-0.026336219161748886,-0.35913026332855225,9.804255485534668
595,1668904134605,-0.014365210197865963,-0.49320554733276367,9.761159896850586
596,1668904134613,-0.014365210197865963,-0.49320554733276367,9.761159896850586
597,1668904134623,0.028730420395731926,-0.395043283700943,9.801861763000488
598,1668904134632,0.019153613597154617,-0.4572925269603729,9.763554573059082
599,1668904134643,0.031124621629714966,-0.44771572947502136,9.708487510681152
600,1668904134653,-0.009576806798577309,-0.47644615173339844,9.758766174316406
601,1668904134663,0.05267243832349777,-0.40462008118629456,9.763554573059082
602,1668904134672,0.0,-0.4118026793003082,9.763554573059082
603,1668904134682,0.0071826050989329815,-0.40462008118629456,9.758766174316406
604,1668904134689,-0.011971008032560349,-0.363918662071228,9.825803756713867
605,1668904134704,0.05506663769483566,-0.43095630407333374,9.737217903137207
606,1668904134721,0.0,-0.4405331015586853,9.837775230407715
607,1668904134731,0.06703764945268631,-0.49559974670410156,9.792284965515137
608,1668904134741,0.004788403399288654,-0.3998316824436188,9.749189376831055
609,1668904134749,0.016759412363171577,-0.4596867263317108,9.773131370544434
610,1668904134756,0.009576806798577309,-0.3711012601852417,9.739612579345703
611,1668904134763,0.009576806798577309,-0.3711012601852417,9.739612579345703
612,1668904134770,0.002394201699644327,-0.35913026332855225,9.749189376831055
613,1668904134777,-0.10534487664699554,-0.3974374830722809,9.727641105651855
614,1668904134783,-0.10534487664699554,-0.3974374830722809,9.727641105651855
615,1668904134791,0.043095629662275314,-0.47165772318840027,9.739612579345703
616,1668904134800,0.019153613597154617,-0.42856210470199585,9.691728591918945
617,1668904134805,0.019153613597154617,-0.42856210470199585,9.691728591918945
618,1668904134812,0.0,-0.4189853072166443,9.739612579345703
619,1668904134820,-0.026336219161748886,-0.395043283700943,9.818621635437012
620,1668904134826,-0.026336219161748886,-0.395043283700943,9.818621635437012
621,1668904134835,-0.0933738648891449,-0.35913026332855225,9.804255485534668
622,1668904134842,-0.014365210197865963,-0.45489832758903503,9.744400978088379
623,1668904134849,0.0694318488240242,-0.3998316824436188,9.828198432922363
624,1668904134855,0.0694318488240242,-0.3998316824436188,9.828198432922363
625,1668904134863,-0.028730420395731926,-0.3232172429561615,9.787496566772461
626,1668904134870,0.035913024097681046,-0.3974374830722809,9.66299819946289
627,1668904134875,0.035913024097681046,-0.3974374830722809,9.66299819946289
628,1668904134887,-0.10295066982507706,-0.37828385829925537,9.744400978088379
629,1668904134895,-0.038307227194309235,-0.4572925269603729,9.81143856048584
630,1668904134905,0.0,-0.42856210470199585,9.713275909423828
631,1668904134915,-0.47644615173339844,0.2753331959247589,6.00226354598999
632,1668904134926,0.3734954595565796,0.13407529890537262,12.325350761413574
633,1668904134935,-0.031124621629714966,-2.3582887649536133,12.878411293029785
634,1668904134953,0.031124621629714966,-0.6224924325942993,10.347740173339844
635,1668904134966,0.0,-0.29209262132644653,9.5408935546875
636,1668904134975,-0.19153612852096558,0.031124621629714966,7.931990146636963
637,1668904134984,-0.016759412363171577,-0.363918662071228,9.95748519897461
638,1668904134991,-0.2106897532939911,-0.689530074596405,10.163386344909668
639,1668904134998,-0.043095629662275314,-0.6009446382522583,9.787496566772461
640,1668904135004,-0.043095629662275314,-0.6009446382522583,9.787496566772461
641,1668904135012,0.035913024097681046,-0.3974374830722809,9.59596061706543
642,1668904135019,-1.0342950820922852,-2.341529369354248,7.869740962982178
643,1668904135025,-1.0342950820922852,-2.341529369354248,7.869740962982178
644,1668904135033,-2.920926094055176,-1.3335703611373901,11.894393920898438
645,1668904135038,-2.920926094055176,-1.3335703611373901,11.894393920898438
646,1668904135046,-2.8179752826690674,-1.2306196689605713,11.501745223999023
647,1668904135053,0.8571242094039917,-0.28730419278144836,9.105149269104004
648,1668904135059,4.211400985717773,0.3758896589279175,8.947132110595703
649,1668904135065,4.211400985717773,0.3758896589279175,8.947132110595703
650,1668904135072,1.7381904125213623,0.5051765441894531,9.619902610778809
651,1668904135079,-1.41257905960083,1.400607943534851,12.646173477172852
652,1668904135085,-1.41257905960083,1.400607943534851,12.646173477172852
653,1668904135093,0.45010992884635925,-1.5107412338256836,9.375694274902344
654,1668904135100,1.86508309841156,-1.3024457693099976,7.733271598815918
655,1668904135106,1.86508309841156,-1.3024457693099976,7.733271598815918
656,1668904135113,1.6400281190872192,-1.1540051698684692,8.571242332458496
657,1668904135122,-0.6272808313369751,0.0933738648891449,10.225635528564453
658,1668904135132,-0.4189853072166443,0.4189853072166443,10.3549222946167
659,1668904135140,0.608127236366272,-0.7374141216278076,9.442731857299805
660,1668904135150,-0.09816227108240128,-1.2306196689605713,9.873687744140625
661,1668904135160,-8.209717750549316,0.026336219161748886,8.006210327148438
662,1668904135166,-8.209717750549316,0.026336219161748886,8.006210327148438
663,1668904135179,1.139639973640442,-1.256955862045288,4.039018154144287
664,1668904135189,-0.3208230137825012,-0.395043283700943,10.915165901184082
665,1668904135203,-0.9983820915222168,-1.9776105880737305,10.1753568649292
666,1668904135214,2.169146776199341,2.0374655723571777,9.105149269104004
667,1668904135241,1.1899182796478271,-1.0773907899856567,9.749189376831055
668,1668904135250,0.5434837937355042,-1.6974890232086182,10.302249908447266
669,1668904135264,0.26575639843940735,-0.4189853072166443,9.560047149658203
670,1668904135275,0.4118026793003082,0.004788403399288654,9.3828763961792
671,1668904135283,0.016759412363171577,0.1628057211637497,9.29189682006836
672,1668904135294,-1.1563993692398071,-0.40940847992897034,9.739612579345703
673,1668904135307,-1.7142484188079834,-0.6368576288223267,8.281543731689453
674,1668904135324,-3.0813376903533936,3.976768970489502,10.251971244812012
675,1668904135332,-1.6352397203445435,3.2537200450897217,9.603142738342285
676,1668904135339,-1.6352397203445435,3.2537200450897217,9.603142738342285
677,1668904135346,-0.7613561153411865,3.2752678394317627,10.83855152130127
678,1668904135355,-0.6847416758537292,3.8067808151245117,11.784260749816895
679,1668904135371,-2.2864625453948975,2.942473888397217,10.620678901672363
680,1668904135382,-1.6112977266311646,1.1827356815338135,10.323798179626465
681,1668904135390,-0.5195417404174805,-1.0749965906143188,10.33098030090332
682,1668904135397,-0.5195417404174805,-1.0749965906143188,10.33098030090332
683,1668904135405,-2.8203697204589844,1.6543933153152466,11.14500904083252
684,1668904135413,-0.689530074596405,-2.75812029838562,8.022970199584961
685,1668904135420,0.3016694188117981,-4.570530891418457,7.043741226196289
686,1668904135427,0.3016694188117981,-4.570530891418457,7.043741226196289
687,1668904135434,0.7469909191131592,-3.845088005065918,7.168240070343018
688,1668904135442,1.0079588890075684,-3.093308687210083,7.331045627593994
689,1668904135448,1.0079588890075684,-3.093308687210083,7.331045627593994
690,1668904135455,2.22660756111145,-1.3527239561080933,4.412513732910156
691,1668904135463,2.473210334777832,-1.0630255937576294,2.561795711517334
692,1668904135471,3.0789434909820557,1.0007762908935547,17.92538833618164
693,1668904135477,3.0789434909820557,1.0007762908935547,17.92538833618164
694,1668904135484,0.12210428714752197,-7.848193168640137,28.510154724121094
695,1668904135492,0.5722141861915588,-4.836287498474121,6.423643112182617
696,1668904135497,0.5722141861915588,-4.836287498474121,6.423643112182617
697,1668904135505,-0.3064578175544739,-0.4596867263317108,3.751713991165161
698,1668904135512,-1.2234370708465576,0.849941611289978,6.3302693367004395
699,1668904135527,1.4700398445129395,1.9273324012756348,11.848904609680176
700,1668904135536,-0.1388636976480484,0.33758243918418884,7.781155586242676
701,1668904135546,-0.3016694188117981,-0.751779317855835,9.07641887664795
702,1668904135559,-0.0933738648891449,-1.647210717201233,12.121843338012695
703,1668904135577,-0.11971008777618408,-0.35673606395721436,9.485827445983887
704,1668904135587,-0.028730420395731926,-0.1412578970193863,9.435548782348633
705,1668904135599,0.2513911724090576,-0.5051765441894531,9.265560150146484
706,1668904135607,0.2513911724090576,-0.5051765441894531,9.265560150146484
707,1668904135618,0.2513911724090576,-0.5051765441894531,9.265560150146484
708,1668904135625,0.2513911724090576,-0.5051765441894531,9.265560150146484
709,1668904135633,0.2513911724090576,-0.5051765441894531,9.265560150146484
710,1668904135642,0.2513911724090576,-0.5051765441894531,9.265560150146484
711,1668904135652,0.2513911724090576,-0.5051765441894531,9.265560150146484
712,1668904135659,0.2513911724090576,-0.5051765441894531,9.265560150146484
713,1668904135677,0.011971008032560349,-0.507570743560791,9.84256362915039
714,1668904135695,0.1173158809542656,-0.6057330369949341,9.708487510681152
715,1668904135708,0.002394201699644327,-0.40462008118629456,9.818621635437012
716,1668904135726,0.09576806426048279,-0.4836287498474121,9.758766174316406
717,1668904135747,0.05027823522686958,-0.47884035110473633,9.725247383117676
718,1668904135759,0.07182604819536209,-0.5363011956214905,9.825803756713867
719,1668904135771,0.043095629662275314,-0.5722141861915588,9.734824180603027
720,1668904135788,0.10534487664699554,-0.5315127968788147,9.758766174316406
721,1668904135798,0.05746084079146385,-0.5386953949928284,9.775525093078613
722,1668904135810,-0.014365210197865963,-0.4572925269603729,9.742006301879883
723,1668904135823,0.05027823522686958,-0.49799394607543945,9.787496566772461
724,1668904135831,0.047884032130241394,-0.49320554733276367,9.732429504394531
725,1668904135840,0.0,-0.47884035110473633,9.775525093078613
726,1668904135848,0.033518824726343155,-0.5363011956214905,9.75637149810791
727,1668904135858,0.07422025501728058,-0.5051765441894531,9.780313491821289
728,1668904135869,0.0071826050989329815,-0.48602294921875,9.718064308166504
729,1668904135879,0.05985504388809204,-0.5674257874488831,9.780313491821289
730,1668904135887,0.17477671802043915,-0.5602431893348694,9.763554573059082
731,1668904135895,-0.028730420395731926,-0.507570743560791,9.730035781860352
732,1668904135903,0.011971008032560349,-0.5267243981361389,9.758766174316406
733,1668904135910,0.011971008032560349,-0.5267243981361389,9.758766174316406
734,1668904135920,0.035913024097681046,-0.5985504388809204,9.751583099365234
735,1668904135929,0.016759412363171577,-0.5530605912208557,9.739612579345703
736,1668904135941,0.05746084079146385,-0.5219359993934631,9.744400978088379
737,1668904135950,0.031124621629714966,-0.5267243981361389,9.773131370544434
738,1668904135959,0.040701430290937424,-0.5267243981361389,9.751583099365234
739,1668904135970,0.07900865375995636,-0.5147533416748047,9.732429504394531
740,1668904135986,0.09816227108240128,-0.5793967843055725,9.816226959228516
741,1668904136022,-0.45250412821769714,-0.2561795711517334,12.133813858032227
742,1668904136039,-1.4508862495422363,-0.16759411990642548,11.228805541992188
743,1668904136054,-0.2322375625371933,-0.6177040338516235,10.500968933105469
744,1668904136071,-0.16759411990642548,-0.3471592366695404,9.785101890563965
745,1668904136134,-0.19632454216480255,-0.45489832758903503,10.074800491333008
746,1668904136169,-0.1843535304069519,-0.47165772318840027,9.967061996459961
747,1668904136209,-0.08858546614646912,-0.524330198764801,9.976638793945312
748,1668904136247,-0.05506663769483566,-0.49559974670410156,9.701305389404297
749,1668904136317,-0.05746084079146385,-0.545877993106842,9.720458984375
750,1668904136400,-0.05746084079146385,-0.545877993106842,9.720458984375
751,1668904136432,-0.05746084079146385,-0.545877993106842,9.720458984375
752,1668904136467,-0.05746084079146385,-0.545877993106842,9.720458984375
753,1668904136529,-0.06464344263076782,-0.47405192255973816,9.792284965515137
754,1668904136580,-0.06464344263076782,-0.47405192255973816,9.792284965515137
755,1668904136625,-0.06464344263076782,-0.4572925269603729,9.732429504394531
756,1668904136633,-0.06464344263076782,-0.4572925269603729,9.732429504394531
757,1668904136656,-0.06224924325942993,-0.5147533416748047,9.794678688049316
758,1668904137046,-0.043095629662275314,-0.5291185975074768,9.773131370544434
759,1668904137050,-0.043095629662275314,-0.5291185975074768,9.773131370544434
760,1668904137129,-0.043095629662275314,-0.5291185975074768,9.773131370544434
761,1668904137155,-0.12210428714752197,-0.5219359993934631,9.806650161743164
762,1668904137171,-0.12210428714752197,-0.5219359993934631,9.806650161743164
763,1668904137184,-0.12210428714752197,-0.5219359993934631,9.806650161743164
764,1668904137201,-0.12210428714752197,-0.5219359993934631,9.806650161743164
765,1668904137226,-0.12210428714752197,-0.5219359993934631,9.806650161743164
766,1668904137260,0.009576806798577309,-0.47884035110473633,9.720458984375
767,1668904137279,-0.0071826050989329815,-0.5003881454467773,9.768342971801758
768,1668904137291,-0.07661445438861847,-0.5554547905921936,9.761159896850586
769,1668904137301,-0.009576806798577309,-0.5003881454467773,9.72285270690918
770,1668904137311,-0.009576806798577309,-0.5003881454467773,9.72285270690918
771,1668904137317,-0.16759411990642548,-0.5195417404174805,9.708487510681152
772,1668904137324,-0.014365210197865963,-0.5291185975074768,9.742006301879883
773,1668904137334,-0.05027823522686958,-0.5339069962501526,9.75637149810791
774,1668904137348,0.011971008032560349,-0.4572925269603729,9.765948295593262
775,1668904137357,0.033518824726343155,-0.4644751250743866,9.739612579345703
776,1668904137366,-0.10055647045373917,-0.4908113479614258,9.758766174316406
777,1668904137375,-0.11252748221158981,-0.5003881454467773,9.816226959228516
778,1668904137385,-0.07900865375995636,-0.5027823448181152,9.761159896850586
779,1668904137398,-0.031124621629714966,-0.5267243981361389,9.804255485534668
780,1668904137406,0.014365210197865963,-0.4357447028160095,9.825803756713867
781,1668904137414,0.040701430290937424,-0.4884171485900879,9.782708168029785
782,1668904137418,0.040701430290937424,-0.4884171485900879,9.782708168029785
783,1668904137424,-0.033518824726343155,-0.545877993106842,9.785101890563965
784,1668904137430,-0.033518824726343155,-0.545877993106842,9.785101890563965
785,1668904137437,-0.07661445438861847,-0.4357447028160095,9.797073364257812
786,1668904137449,-0.023942016065120697,-0.5386953949928284,9.782708168029785
787,1668904137457,-0.047884032130241394,-0.4836287498474121,9.768342971801758
788,1668904137466,-0.035913024097681046,-0.4836287498474121,9.725247383117676
789,1668904137473,-0.021547814831137657,-0.47884035110473633,9.727641105651855
790,1668904137479,-0.021547814831137657,-0.47884035110473633,9.727641105651855
791,1668904137493,-0.040701430290937424,-0.5051765441894531,9.792284965515137
792,1668904137500,-0.023942016065120697,-0.5650315880775452,9.775525093078613
793,1668904137508,-0.09576806426048279,-0.4572925269603729,9.691728591918945
794,1668904137515,-0.09576806426048279,-0.4572925269603729,9.691728591918945
795,1668904137520,-0.08140286058187485,-0.47165772318840027,9.710882186889648
796,1668904137527,-0.09816227108240128,-0.5410895943641663,9.801861763000488
797,1668904137535,-0.043095629662275314,-0.45010992884635925,9.739612579345703
798,1668904137544,-0.043095629662275314,-0.45010992884635925,9.739612579345703
799,1668904137551,-0.08140286058187485,-0.5027823448181152,9.763554573059082
800,1668904137559,-0.033518824726343155,-0.5626373887062073,9.761159896850586
801,1668904137566,-0.06703764945268631,-0.5339069962501526,9.78989028930664
802,1668904137572,-0.06703764945268631,-0.5339069962501526,9.78989028930664
803,1668904137578,0.0,-0.44532153010368347,9.821015357971191
804,1668904137585,-0.05027823522686958,-0.5219359993934631,9.72285270690918
805,1668904137598,-0.090979665517807,-0.4213795065879822,9.734824180603027
806,1668904137605,-0.11971008777618408,-0.42377370595932007,9.797073364257812
807,1668904137612,-0.019153613597154617,-0.5219359993934631,9.792284965515137
808,1668904137618,-0.019153613597154617,-0.5219359993934631,9.792284965515137
809,1668904137626,-0.023942016065120697,-0.4405331015586853,9.727641105651855
810,1668904137634,0.009576806798577309,-0.4644751250743866,9.785101890563965
811,1668904137649,0.014365210197865963,-0.45010992884635925,9.761159896850586
812,1668904137664,-0.11013327538967133,-0.47165772318840027,9.725247383117676
813,1668904137670,-0.11013327538967133,-0.47165772318840027,9.725247383117676
814,1668904137680,0.028730420395731926,-0.5171475410461426,9.780313491821289
815,1668904137697,-0.028730420395731926,-0.4668693244457245,9.830592155456543
816,1668904137704,-0.026336219161748886,-0.4908113479614258,9.799467086791992
817,1668904137711,-0.026336219161748886,-0.4908113479614258,9.799467086791992
818,1668904137717,-0.023942016065120697,-0.47644615173339844,9.727641105651855
819,1668904137724,-0.05746084079146385,-0.47405192255973816,9.787496566772461
820,1668904137730,-0.05746084079146385,-0.47405192255973816,9.787496566772461
821,1668904137737,-0.05506663769483566,-0.49320554733276367,9.730035781860352
822,1668904137751,-0.08858546614646912,-0.5506663918495178,9.765948295593262
823,1668904137759,-0.05267243832349777,-0.5027823448181152,9.797073364257812
824,1668904137765,-0.002394201699644327,-0.5315127968788147,9.821015357971191
825,1668904137771,-0.002394201699644327,-0.5315127968788147,9.821015357971191
826,1668904137778,0.004788403399288654,-0.5219359993934631,9.751583099365234
827,1668904137785,-0.011971008032560349,-0.47884035110473633,9.742006301879883
828,1668904137797,-0.0071826050989329815,-0.4884171485900879,9.725247383117676
829,1668904137802,-0.0071826050989329815,-0.4884171485900879,9.725247383117676
830,1668904137810,-0.0071826050989329815,-0.524330198764801,9.770736694335938
831,1668904137817,-0.047884032130241394,-0.5123591423034668,9.775525093078613
832,1668904137824,-0.05746084079146385,-0.4836287498474121,9.691728591918945
833,1668904137832,-0.05746084079146385,-0.4836287498474121,9.691728591918945
834,1668904137846,-0.10534487664699554,-0.43095630407333374,9.6989107131958
835,1668904137850,-0.07422025501728058,-0.4596867263317108,9.761159896850586
836,1668904137859,-0.08140286058187485,-0.5147533416748047,9.708487510681152
837,1668904137866,-0.07900865375995636,-0.47644615173339844,9.775525093078613
838,1668904137871,-0.07900865375995636,-0.47644615173339844,9.775525093078613
839,1668904137879,-0.05506663769483566,-0.45250412821769714,9.787496566772461
840,1668904137886,-0.10055647045373917,-0.4381389021873474,9.806650161743164
841,1668904137898,-0.15562310814857483,-0.3519476354122162,9.768342971801758
842,1668904137906,-0.15562310814857483,-0.3519476354122162,9.768342971801758
843,1668904137911,-0.1364694982767105,-0.40701428055763245,9.852140426635742
844,1668904137919,-0.08140286058187485,-0.3519476354122162,9.782708168029785
845,1668904137925,-0.07900865375995636,-0.3663128614425659,9.787496566772461
846,1668904137931,-0.07900865375995636,-0.3663128614425659,9.787496566772461
847,1668904137938,-0.13168109953403473,-0.40222588181495667,9.768342971801758
848,1668904137950,-0.10773907601833344,-0.36152446269989014,9.780313491821289
849,1668904137958,-0.1364694982767105,-0.3447650372982025,9.694122314453125
850,1668904137965,-0.17956513166427612,-0.3256114423274994,9.701305389404297
851,1668904137970,-0.17956513166427612,-0.3256114423274994,9.701305389404297
852,1668904137977,-0.12689268589019775,-0.33518823981285095,9.6989107131958
853,1668904137986,-0.2585737705230713,-0.3471592366695404,9.715670585632324
854,1668904137999,-0.14844051003456116,-0.3974374830722809,9.780313491821289
855,1668904138010,-0.15083470940589905,-0.3734954595565796,9.86889934539795
856,1668904138016,-0.20111294090747833,-0.3974374830722809,9.718064308166504
857,1668904138021,-0.20111294090747833,-0.3974374830722809,9.718064308166504
858,1668904138038,-0.181959331035614,-0.3734954595565796,9.763554573059082
859,1668904138046,-0.16998831927776337,-0.3926490843296051,9.780313491821289
860,1668904138051,-0.16998831927776337,-0.3926490843296051,9.780313491821289
861,1668904138066,-0.2585737705230713,-0.24420857429504395,9.72285270690918
862,1668904138072,-0.2585737705230713,-0.24420857429504395,9.72285270690918
863,1668904138080,-0.2059013396501541,-0.016759412363171577,9.677363395690918
864,1668904138086,-0.26575639843940735,-0.2106897532939911,9.703699111938477
865,1668904138099,-0.1388636976480484,-0.47165772318840027,9.883264541625977
866,1668904138107,-0.31603461503982544,-0.3447650372982025,9.770736694335938
867,1668904138113,-0.31603461503982544,-0.3447650372982025,9.770736694335938
868,1668904138119,-0.28969839215278625,-0.2106897532939911,9.59596061706543
869,1668904138126,-0.2059013396501541,-0.3878606855869293,9.837775230407715
870,1668904138131,-0.2059013396501541,-0.3878606855869293,9.837775230407715
871,1668904138138,-0.28969839215278625,-0.3208230137825012,9.761159896850586
872,1668904138149,-0.28969839215278625,-0.3495534360408783,9.983820915222168
873,1668904138158,-0.26096799969673157,-0.2561795711517334,9.816226959228516
874,1668904138167,-1.0534487962722778,0.12928688526153564,9.550470352172852
875,1668904138173,-1.0534487962722778,0.12928688526153564,9.550470352172852
876,1668904138180,0.1628057211637497,-0.5937620401382446,9.706093788146973
877,1668904138187,-0.6224924325942993,-0.3519476354122162,10.505757331848145
878,1668904138200,-0.45010992884635925,-0.2082955539226532,10.002974510192871
879,1668904138208,-0.12210428714752197,-0.16519992053508759,10.144232749938965
880,1668904138215,-0.31364041566848755,-0.07900865375995636,9.703699111938477
881,1668904138221,-0.31364041566848755,-0.07900865375995636,9.703699111938477
882,1668904138227,0.05267243832349777,-1.4269442558288574,9.548076629638672
883,1668904138233,0.05267243832349777,-1.4269442558288574,9.548076629638672
884,1668904138248,0.16519992053508759,-0.45489832758903503,9.667786598205566
885,1668904138253,0.16519992053508759,-0.45489832758903503,9.667786598205566
886,1668904138260,-0.42377370595932007,-0.2944868206977844,10.273519515991211
887,1668904138267,-0.31603461503982544,-0.3232172429561615,9.955090522766113
888,1668904138273,-0.31603461503982544,-0.3232172429561615,9.955090522766113
889,1668904138279,-0.014365210197865963,-0.47165772318840027,9.765948295593262
890,1668904138285,-0.014365210197865963,-0.47165772318840027,9.765948295593262
891,1668904138299,-0.038307227194309235,-0.38307225704193115,9.744400978088379
892,1668904138304,-0.038307227194309235,-0.38307225704193115,9.744400978088379
893,1668904138312,-0.07422025501728058,-0.40462008118629456,9.931148529052734
894,1668904138319,-0.11013327538967133,-0.3711012601852417,9.81143856048584
895,1668904138324,-0.11013327538967133,-0.3711012601852417,9.81143856048584
896,1668904138332,-0.08379705995321274,-0.40940847992897034,9.627084732055664
897,1668904138348,-0.05985504388809204,-0.38307225704193115,9.823410034179688
898,1668904138353,-0.05985504388809204,-0.38307225704193115,9.823410034179688
899,1668904138362,-0.11971008777618408,-0.3974374830722809,9.837775230407715
900,1668904138370,-0.1173158809542656,-0.4644751250743866,9.785101890563965
901,1668904138376,-0.1173158809542656,-0.4644751250743866,9.785101890563965
902,1668904138383,-0.1628057211637497,-0.38307225704193115,9.744400978088379
903,1668904138392,-0.1628057211637497,-0.38307225704193115,9.744400978088379
904,1668904138403,-0.08619125932455063,-0.4620809257030487,9.785101890563965
905,1668904138414,-0.05267243832349777,-0.49799394607543945,9.773131370544434
906,1668904138419,-0.05267243832349777,-0.49799394607543945,9.773131370544434
907,1668904138425,-0.011971008032560349,-0.38067805767059326,9.744400978088379
908,1668904138432,-0.05746084079146385,-0.40940847992897034,9.739612579345703
909,1668904138437,-0.05746084079146385,-0.40940847992897034,9.739612579345703
910,1668904138451,-0.06224924325942993,-0.42377370595932007,9.737217903137207
911,1668904138455,-0.06224924325942993,-0.42377370595932007,9.737217903137207
912,1668904138463,-0.07661445438861847,-0.4189853072166443,9.732429504394531
913,1668904138469,-0.10055647045373917,-0.3878606855869293,9.78989028930664
914,1668904138475,-0.10055647045373917,-0.3878606855869293,9.78989028930664
915,1668904138484,-0.08140286058187485,-0.3926490843296051,9.775525093078613
916,1668904138499,-0.019153613597154617,-0.3974374830722809,9.749189376831055
917,1668904138505,-0.019153613597154617,-0.3974374830722809,9.749189376831055
918,1668904138513,-0.040701430290937424,-0.45489832758903503,9.799467086791992
919,1668904138520,-0.047884032130241394,-0.4429273009300232,9.794678688049316
920,1668904138525,-0.047884032130241394,-0.4429273009300232,9.794678688049316
921,1668904138532,-0.0933738648891449,-0.4692635238170624,9.801861763000488
