GAME RV,[id],[Time],[X],[Y]
0,1668904126551,0.15967699885368347,-0.06329900026321411,0.2491690069437027
1,1668904126559,0.16016900539398193,-0.06317500025033951,0.2485779970884323
2,1668904126570,0.16015499830245972,-0.06322699785232544,0.24818100035190582
3,1668904126577,0.16015499830245972,-0.06322699785232544,0.24818100035190582
4,1668904126587,0.16010400652885437,-0.06321100145578384,0.24802300333976746
5,1668904126596,0.16038300096988678,-0.06327799707651138,0.2479889988899231
6,1668904126605,0.16096900403499603,-0.0635489970445633,0.2478400021791458
7,1668904126624,0.16253599524497986,-0.06414200365543365,0.24722899496555328
8,1668904126636,0.17165100574493408,-0.06165900081396103,0.24614599347114563
9,1668904126652,0.1820569932460785,-0.054756999015808105,0.24544699490070343
10,1668904126674,0.1820569932460785,-0.054756999015808105,0.24544699490070343
11,1668904126745,0.1820569932460785,-0.054756999015808105,0.24544699490070343
12,1668904126762,0.1820569932460785,-0.054756999015808105,0.24544699490070343
13,1668904126780,0.1820569932460785,-0.054756999015808105,0.24544699490070343
14,1668904126876,0.15739400684833527,-0.05305799841880798,0.2557789981365204
15,1668904126902,0.15739400684833527,-0.05305799841880798,0.2557789981365204
16,1668904126962,0.15739400684833527,-0.05305799841880798,0.2557789981365204
17,1668904126967,0.15739400684833527,-0.05305799841880798,0.2557789981365204
18,1668904126977,0.15739400684833527,-0.05305799841880798,0.2557789981365204
19,1668904126994,0.14505800604820251,-0.04764999821782112,0.2624410092830658
20,1668904127022,0.14084500074386597,-0.04870099946856499,0.26746198534965515
21,1668904128084,-0.07780899852514267,0.17419199645519257,0.4298369884490967
22,1668904128072,-0.07780899852514267,0.17419199645519257,0.4298369884490967
23,1668904128113,-0.07780899852514267,0.17419199645519257,0.4298369884490967
24,1668904128128,-0.07780899852514267,0.17419199645519257,0.4298369884490967
25,1668904128142,-0.07780899852514267,0.17419199645519257,0.4298369884490967
26,1668904128159,-0.07780899852514267,0.17419199645519257,0.4298369884490967
27,1668904128167,-0.07780899852514267,0.17419199645519257,0.4298369884490967
28,1668904128189,-0.07780899852514267,0.17419199645519257,0.4298369884490967
29,1668904128306,-0.03896300122141838,0.11822900176048279,0.4251520037651062
30,1668904128346,-0.03896300122141838,0.11822900176048279,0.4251520037651062
31,1668904128358,-0.03896300122141838,0.11822900176048279,0.4251520037651062
32,1668904128384,-0.03896300122141838,0.11822900176048279,0.4251520037651062
33,1668904128415,-0.03896300122141838,0.11822900176048279,0.4251520037651062
34,1668904128416,-0.03896300122141838,0.11822900176048279,0.4251520037651062
35,1668904128432,-0.03896300122141838,0.11822900176048279,0.4251520037651062
36,1668904128433,-0.03896300122141838,0.11822900176048279,0.4251520037651062
37,1668904128462,0.019519999623298645,-0.014147000387310982,0.42434999346733093
38,1668904128462,0.019519999623298645,-0.014147000387310982,0.42434999346733093
39,1668904128483,-0.014879999682307243,-0.012664999812841415,0.4410640001296997
40,1668904128491,-0.014879999682307243,-0.012664999812841415,0.4410640001296997
41,1668904128522,-0.011460999958217144,-0.01687600091099739,0.4415540099143982
42,1668904128518,-0.008144999854266644,-0.016787000000476837,0.4412209987640381
43,1668904128549,-0.013710999861359596,-0.015946000814437866,0.44174298644065857
44,1668904128629,-0.012694000266492367,-0.016127999871969223,0.4416410028934479
45,1668904128647,-0.012694000266492367,-0.016127999871969223,0.4416410028934479
46,1668904128652,-0.012694000266492367,-0.016127999871969223,0.4416410028934479
47,1668904128675,-0.012694000266492367,-0.016127999871969223,0.4416410028934479
48,1668904128676,-0.012694000266492367,-0.016127999871969223,0.4416410028934479
49,1668904128697,-0.012694000266492367,-0.016127999871969223,0.4416410028934479
50,1668904128710,-0.012694000266492367,-0.016127999871969223,0.4416410028934479
51,1668904128722,-0.012694000266492367,-0.016127999871969223,0.4416410028934479
52,1668904128735,-0.012694000266492367,-0.016127999871969223,0.4416410028934479
53,1668904128746,-0.012694000266492367,-0.016127999871969223,0.4416410028934479
54,1668904128757,-0.012694000266492367,-0.016127999871969223,0.4416410028934479
55,1668904128777,-0.012694000266492367,-0.016127999871969223,0.4416410028934479
56,1668904128786,-0.012694000266492367,-0.016127999871969223,0.4416410028934479
57,1668904128800,-0.012694000266492367,-0.016127999871969223,0.4416410028934479
58,1668904128809,-0.012694000266492367,-0.016127999871969223,0.4416410028934479
59,1668904128822,-0.012694000266492367,-0.016127999871969223,0.4416410028934479
60,1668904128915,-0.012694000266492367,-0.016127999871969223,0.4416410028934479
61,1668904128960,-0.012694000266492367,-0.016127999871969223,0.4416410028934479
62,1668904128959,-0.012694000266492367,-0.016127999871969223,0.4416410028934479
63,1668904128958,-0.012694000266492367,-0.016127999871969223,0.4416410028934479
64,1668904128979,-0.012694000266492367,-0.016127999871969223,0.4416410028934479
65,1668904128991,-0.012694000266492367,-0.016127999871969223,0.4416410028934479
66,1668904129009,-0.012694000266492367,-0.016127999871969223,0.4416410028934479
67,1668904129084,-0.012694000266492367,-0.016127999871969223,0.4416410028934479
68,1668904129125,-0.012694000266492367,-0.016127999871969223,0.4416410028934479
69,1668904129137,-0.012694000266492367,-0.016127999871969223,0.4416410028934479
70,1668904129149,-0.012694000266492367,-0.016127999871969223,0.4416410028934479
71,1668904129178,-0.012694000266492367,-0.016127999871969223,0.4416410028934479
72,1668904129237,-0.012694000266492367,-0.016127999871969223,0.4416410028934479
73,1668904129254,-0.012694000266492367,-0.016127999871969223,0.4416410028934479
74,1668904129280,-0.012694000266492367,-0.016127999871969223,0.4416410028934479
75,1668904129311,-0.012694000266492367,-0.016127999871969223,0.4416410028934479
76,1668904129299,-0.012694000266492367,-0.016127999871969223,0.4416410028934479
77,1668904129342,-0.012694000266492367,-0.016127999871969223,0.4416410028934479
78,1668904129381,-0.012694000266492367,-0.016127999871969223,0.4416410028934479
79,1668904129388,-0.012694000266492367,-0.016127999871969223,0.4416410028934479
80,1668904129427,-0.012694000266492367,-0.016127999871969223,0.4416410028934479
81,1668904129441,-0.012694000266492367,-0.016127999871969223,0.4416410028934479
82,1668904129462,-0.012694000266492367,-0.016127999871969223,0.4416410028934479
83,1668904129474,-0.012694000266492367,-0.016127999871969223,0.4416410028934479
84,1668904129490,-0.012694000266492367,-0.016127999871969223,0.4416410028934479
85,1668904129504,-0.012694000266492367,-0.016127999871969223,0.4416410028934479
86,1668904129519,-0.012694000266492367,-0.016127999871969223,0.4416410028934479
87,1668904129532,-0.012694000266492367,-0.016127999871969223,0.4416410028934479
88,1668904129563,-0.012694000266492367,-0.016127999871969223,0.4416410028934479
89,1668904129591,-0.012694000266492367,-0.016127999871969223,0.4416410028934479
90,1668904129616,-0.012694000266492367,-0.016127999871969223,0.4416410028934479
91,1668904129604,-0.012694000266492367,-0.016127999871969223,0.4416410028934479
92,1668904129644,-0.012694000266492367,-0.016127999871969223,0.4416410028934479
93,1668904129661,-0.012694000266492367,-0.016127999871969223,0.4416410028934479
94,1668904129672,-0.012694000266492367,-0.016127999871969223,0.4416410028934479
95,1668904129694,-0.012694000266492367,-0.016127999871969223,0.4416410028934479
96,1668904129728,-0.012694000266492367,-0.016127999871969223,0.4416410028934479
97,1668904129765,-0.012694000266492367,-0.016127999871969223,0.4416410028934479
98,1668904129805,-0.012694000266492367,-0.016127999871969223,0.4416410028934479
99,1668904129821,-0.012694000266492367,-0.016127999871969223,0.4416410028934479
100,1668904129837,-0.012694000266492367,-0.016127999871969223,0.4416410028934479
101,1668904129857,-0.012694000266492367,-0.016127999871969223,0.4416410028934479
102,1668904129864,-0.012694000266492367,-0.016127999871969223,0.4416410028934479
103,1668904129882,-0.012694000266492367,-0.016127999871969223,0.4416410028934479
104,1668904129901,-0.012694000266492367,-0.016127999871969223,0.4416410028934479
105,1668904129912,-0.012694000266492367,-0.016127999871969223,0.4416410028934479
106,1668904129932,-0.012694000266492367,-0.016127999871969223,0.4416410028934479
107,1668904129955,-0.012694000266492367,-0.016127999871969223,0.4416410028934479
108,1668904129974,-0.012694000266492367,-0.016127999871969223,0.4416410028934479
109,1668904129975,-0.012694000266492367,-0.016127999871969223,0.4416410028934479
110,1668904129990,-0.012694000266492367,-0.016127999871969223,0.4416410028934479
111,1668904130014,-0.012694000266492367,-0.016127999871969223,0.4416410028934479
112,1668904130032,-0.012694000266492367,-0.016127999871969223,0.4416410028934479
113,1668904130047,-0.012694000266492367,-0.016127999871969223,0.4416410028934479
114,1668904130084,-0.012694000266492367,-0.016127999871969223,0.4416410028934479
115,1668904130098,-0.012694000266492367,-0.016127999871969223,0.4416410028934479
116,1668904130075,-0.012694000266492367,-0.016127999871969223,0.4416410028934479
117,1668904130117,-0.012694000266492367,-0.016127999871969223,0.4416410028934479
118,1668904130133,-0.012694000266492367,-0.016127999871969223,0.4416410028934479
119,1668904130149,-0.012694000266492367,-0.016127999871969223,0.4416410028934479
120,1668904130163,-0.012694000266492367,-0.016127999871969223,0.4416410028934479
121,1668904130192,-0.012694000266492367,-0.016127999871969223,0.4416410028934479
122,1668904130207,-0.012694000266492367,-0.016127999871969223,0.4416410028934479
123,1668904130224,-0.012694000266492367,-0.016127999871969223,0.4416410028934479
124,1668904130242,-0.012694000266492367,-0.016127999871969223,0.4416410028934479
125,1668904130303,-0.012694000266492367,-0.016127999871969223,0.4416410028934479
126,1668904130317,-0.012694000266492367,-0.016127999871969223,0.4416410028934479
127,1668904130338,-0.012694000266492367,-0.016127999871969223,0.4416410028934479
128,1668904130352,-0.012694000266492367,-0.016127999871969223,0.4416410028934479
129,1668904130377,-0.012694000266492367,-0.016127999871969223,0.4416410028934479
130,1668904130393,-0.012694000266492367,-0.016127999871969223,0.4416410028934479
131,1668904130408,-0.012694000266492367,-0.016127999871969223,0.4416410028934479
132,1668904130426,-0.012694000266492367,-0.016127999871969223,0.4416410028934479
133,1668904130367,-0.012694000266492367,-0.016127999871969223,0.4416410028934479
134,1668904130441,-0.012694000266492367,-0.016127999871969223,0.4416410028934479
135,1668904130457,-0.012694000266492367,-0.016127999871969223,0.4416410028934479
136,1668904130488,-0.012694000266492367,-0.016127999871969223,0.4416410028934479
137,1668904130500,-0.012694000266492367,-0.016127999871969223,0.4416410028934479
138,1668904130515,-0.012694000266492367,-0.016127999871969223,0.4416410028934479
139,1668904130528,-0.012694000266492367,-0.016127999871969223,0.4416410028934479
140,1668904130542,-0.012694000266492367,-0.016127999871969223,0.4416410028934479
141,1668904130557,-0.012694000266492367,-0.016127999871969223,0.4416410028934479
142,1668904130572,-0.012694000266492367,-0.016127999871969223,0.4416410028934479
143,1668904130585,-0.012694000266492367,-0.016127999871969223,0.4416410028934479
144,1668904130627,-0.012694000266492367,-0.016127999871969223,0.4416410028934479
145,1668904130645,-0.012694000266492367,-0.016127999871969223,0.4416410028934479
146,1668904130657,-0.012694000266492367,-0.016127999871969223,0.4416410028934479
147,1668904130668,-0.012694000266492367,-0.016127999871969223,0.4416410028934479
148,1668904130701,-0.012694000266492367,-0.016127999871969223,0.4416410028934479
149,1668904130717,-0.012694000266492367,-0.016127999871969223,0.4416410028934479
150,1668904130693,-0.012694000266492367,-0.016127999871969223,0.4416410028934479
151,1668904130739,-0.012694000266492367,-0.016127999871969223,0.4416410028934479
152,1668904130769,-0.012694000266492367,-0.016127999871969223,0.4416410028934479
153,1668904130785,-0.012694000266492367,-0.016127999871969223,0.4416410028934479
154,1668904130795,-0.012694000266492367,-0.016127999871969223,0.4416410028934479
155,1668904130810,-0.012694000266492367,-0.016127999871969223,0.4416410028934479
156,1668904130822,-0.012694000266492367,-0.016127999871969223,0.4416410028934479
157,1668904130759,-0.012694000266492367,-0.016127999871969223,0.4416410028934479
158,1668904130843,-0.012694000266492367,-0.016127999871969223,0.4416410028934479
159,1668904130861,-0.012694000266492367,-0.016127999871969223,0.4416410028934479
160,1668904130874,-0.012694000266492367,-0.016127999871969223,0.4416410028934479
161,1668904130887,-0.012694000266492367,-0.016127999871969223,0.4416410028934479
162,1668904130922,-0.012694000266492367,-0.016127999871969223,0.4416410028934479
163,1668904130968,-0.012694000266492367,-0.016127999871969223,0.4416410028934479
164,1668904130980,-0.012694000266492367,-0.016127999871969223,0.4416410028934479
165,1668904130999,-0.012694000266492367,-0.016127999871969223,0.4416410028934479
166,1668904131006,-0.012694000266492367,-0.016127999871969223,0.4416410028934479
167,1668904131010,-0.012694000266492367,-0.016127999871969223,0.4416410028934479
168,1668904131037,-0.012694000266492367,-0.016127999871969223,0.4416410028934479
169,1668904131058,-0.012694000266492367,-0.016127999871969223,0.4416410028934479
170,1668904131068,-0.012694000266492367,-0.016127999871969223,0.4416410028934479
171,1668904131080,-0.012694000266492367,-0.016127999871969223,0.4416410028934479
172,1668904131099,-0.012694000266492367,-0.016127999871969223,0.4416410028934479
173,1668904131109,-0.012694000266492367,-0.016127999871969223,0.4416410028934479
174,1668904131125,-0.012694000266492367,-0.016127999871969223,0.4416410028934479
175,1668904131140,-0.012694000266492367,-0.016127999871969223,0.4416410028934479
176,1668904131156,-0.012694000266492367,-0.016127999871969223,0.4416410028934479
177,1668904131162,-0.012694000266492367,-0.016127999871969223,0.4416410028934479
178,1668904131171,-0.012694000266492367,-0.016127999871969223,0.4416410028934479
179,1668904131187,-0.012694000266492367,-0.016127999871969223,0.4416410028934479
180,1668904131192,-0.012694000266492367,-0.016127999871969223,0.4416410028934479
181,1668904131221,-0.012694000266492367,-0.016127999871969223,0.4416410028934479
182,1668904131251,-0.012694000266492367,-0.016127999871969223,0.4416410028934479
183,1668904131264,-0.012694000266492367,-0.016127999871969223,0.4416410028934479
184,1668904131302,-0.01620600000023842,-0.011633000336587429,0.4412209987640381
185,1668904131307,-0.01620600000023842,-0.011633000336587429,0.4412209987640381
186,1668904131332,-0.01620600000023842,-0.011633000336587429,0.4412209987640381
187,1668904131341,-0.01620600000023842,-0.011633000336587429,0.4412209987640381
188,1668904131363,-0.01620600000023842,-0.011633000336587429,0.4412209987640381
189,1668904131371,-0.01620600000023842,-0.011633000336587429,0.4412209987640381
190,1668904131392,-0.01620600000023842,-0.011633000336587429,0.4412209987640381
191,1668904131437,-0.01620600000023842,-0.011633000336587429,0.4412209987640381
192,1668904131467,-0.01620600000023842,-0.011633000336587429,0.4412209987640381
193,1668904131504,-0.01620600000023842,-0.011633000336587429,0.4412209987640381
194,1668904131525,-0.016925999894738197,-0.010929999873042107,0.44095098972320557
195,1668904131563,-0.017721999436616898,-0.009812000207602978,0.4404189884662628
196,1668904131581,-0.017715999856591225,-0.009809000417590141,0.44040700793266296
197,1668904131600,-0.017700999975204468,-0.009836999699473381,0.44039401412010193
198,1668904131672,-0.017695000395178795,-0.009903999976813793,0.4403820037841797
199,1668904131675,-0.017695000395178795,-0.009903999976813793,0.4403820037841797
200,1668904131709,-0.017664000391960144,-0.010080999694764614,0.4403640031814575
201,1668904131725,-0.017659999430179596,-0.010099999606609344,0.4403569996356964
202,1668904131693,-0.017690999433398247,-0.010042999871075153,0.4403649866580963
203,1668904131742,-0.01765800081193447,-0.010095999576151371,0.44033899903297424
204,1668904131753,-0.01765899918973446,-0.010089999996125698,0.4403339922428131
205,1668904131762,-0.01765800081193447,-0.010079000145196915,0.4403339922428131
206,1668904131775,-0.01765800081193447,-0.010092999786138535,0.4403280019760132
207,1668904131788,-0.017680000513792038,-0.010120999999344349,0.440326988697052
208,1668904131791,-0.01773199997842312,-0.010165000334382057,0.4403260052204132
209,1668904131804,-0.017735999077558517,-0.01017600018531084,0.4403190016746521
210,1668904131823,-0.017757000401616096,-0.010197999887168407,0.4403130114078522
211,1668904131835,-0.01775999926030636,-0.010211000218987465,0.440311998128891
212,1668904131842,-0.01776699908077717,-0.010218000039458275,0.440311998128891
213,1668904131856,-0.017771000042557716,-0.010230000130832195,0.44030600786209106
214,1668904131870,-0.017774999141693115,-0.010243000462651253,0.4402939975261688
215,1668904131876,-0.017774999141693115,-0.010243000462651253,0.4402939975261688
216,1668904131890,-0.017779000103473663,-0.010270999744534492,0.4402810037136078
217,1668904131906,-0.01775900088250637,-0.010277999565005302,0.44027501344680786
218,1668904131921,-0.01776999980211258,-0.010270999744534492,0.4402740001678467
219,1668904131935,-0.017774000763893127,-0.010262000374495983,0.44026800990104675
220,1668904131942,-0.017774999141693115,-0.010257000103592873,0.4402630031108856
221,1668904131956,-0.0177800003439188,-0.010247999802231789,0.4402570128440857
222,1668904131960,-0.017772000283002853,-0.010242000222206116,0.4402509927749634
223,1668904131974,-0.01775999926030636,-0.010211000218987465,0.44024598598480225
224,1668904131987,-0.01776600070297718,-0.01018999982625246,0.4402329921722412
225,1668904132010,-0.01775299943983555,-0.010130999609827995,0.4402160048484802
226,1668904132044,-0.017746999859809875,-0.010119999758899212,0.4402100145816803
227,1668904132065,-0.0177839994430542,-0.010076000355184078,0.44019898772239685
228,1668904132078,-0.0177839994430542,-0.010076000355184078,0.44019898772239685
229,1668904132090,-0.017789000645279884,-0.010026000440120697,0.4401800036430359
230,1668904132095,-0.017788000404834747,-0.010026000440120697,0.44017401337623596
231,1668904132113,-0.01780400052666664,-0.010023999959230423,0.4401620030403137
232,1668904132120,-0.01780400052666664,-0.010023999959230423,0.4401620030403137
233,1668904132128,-0.01780400052666664,-0.010018999688327312,0.4401549994945526
234,1668904132136,-0.017782000824809074,-0.010021000169217587,0.4401490092277527
235,1668904132139,-0.017782000824809074,-0.010021000169217587,0.4401490092277527
236,1668904132147,-0.0177839994430542,-0.010014000348746777,0.44014298915863037
237,1668904132164,-0.017795000225305557,-0.009998000226914883,0.4401310086250305
238,1668904132165,-0.017795000225305557,-0.009998000226914883,0.4401310086250305
239,1668904132179,-0.017805999144911766,-0.009980999864637852,0.44012999534606934
240,1668904132188,-0.017820000648498535,-0.009957999922335148,0.44012999534606934
241,1668904132197,-0.01782199926674366,-0.009955000132322311,0.44012999534606934
242,1668904132213,-0.017833000048995018,-0.009952000342309475,0.4401240050792694
243,1668904132244,-0.017904000356793404,-0.009991000406444073,0.4401090145111084
244,1668904132255,-0.01792299933731556,-0.010015999898314476,0.4401080012321472
245,1668904132269,-0.01793999969959259,-0.010010000318288803,0.4401020109653473
246,1668904132289,-0.017965000122785568,-0.010014999657869339,0.44009000062942505
247,1668904132298,-0.017969999462366104,-0.010015999898314476,0.4400840103626251
248,1668904132311,-0.018005000427365303,-0.009999999776482582,0.4400779902935028
249,1668904132322,-0.018015999346971512,-0.009991000406444073,0.4400779902935028
250,1668904132329,-0.018015999346971512,-0.009991000406444073,0.4400779902935028
251,1668904132338,-0.018038000911474228,-0.009975000284612179,0.440077006816864
252,1668904132348,-0.018067000433802605,-0.009974000044167042,0.440077006816864
253,1668904132357,-0.01807899959385395,-0.009971999563276768,0.4400720000267029
254,1668904132366,-0.018093999475240707,-0.009960999712347984,0.44005998969078064
255,1668904132375,-0.018105000257492065,-0.009959000162780285,0.4400489926338196
256,1668904132385,-0.01812100037932396,-0.009952000342309475,0.4400480091571808
257,1668904132394,-0.018133999779820442,-0.009948000311851501,0.44004198908805847
258,1668904132404,-0.01813100092113018,-0.009964999742805958,0.4400410056114197
259,1668904132417,-0.018122000619769096,-0.009983000345528126,0.44003498554229736
260,1668904132425,-0.01810400001704693,-0.009991999715566635,0.44002899527549744
261,1668904132435,-0.01808900013566017,-0.009991000406444073,0.4400230050086975
262,1668904132443,-0.018074000254273415,-0.009996999986469746,0.4400170147418976
263,1668904132450,-0.018074000254273415,-0.009996999986469746,0.4400170147418976
264,1668904132459,-0.018050000071525574,-0.010002000257372856,0.44001099467277527
265,1668904132467,-0.018045999109745026,-0.01001300010830164,0.44000399112701416
266,1668904132477,-0.018045999109745026,-0.010010999627411366,0.43999800086021423
267,1668904132486,-0.018035000190138817,-0.010015999898314476,0.4399920105934143
268,1668904132495,-0.01803000085055828,-0.01001800037920475,0.4399909973144531
269,1668904132506,-0.018038000911474228,-0.010010000318288803,0.4399850070476532
270,1668904132511,-0.018038000911474228,-0.010010000318288803,0.4399850070476532
271,1668904132523,-0.018045000731945038,-0.010023999959230423,0.4399789869785309
272,1668904132531,-0.018045000731945038,-0.010023999959230423,0.4399789869785309
273,1668904132540,-0.018046999350190163,-0.010026000440120697,0.4399780035018921
274,1668904132549,-0.018052000552415848,-0.010017000138759613,0.439970999956131
275,1668904132559,-0.018055999651551247,-0.010010000318288803,0.43996599316596985
276,1668904132568,-0.018066000193357468,-0.010003999806940556,0.4399600028991699
277,1668904132578,-0.018073000013828278,-0.010003999806940556,0.43994900584220886
278,1668904132586,-0.018076999112963676,-0.010010999627411366,0.43994200229644775
279,1668904132594,-0.0180830005556345,-0.010009000077843666,0.43994200229644775
280,1668904132603,-0.018092000856995583,-0.01000600028783083,0.43994200229644775
281,1668904132611,-0.018092000856995583,-0.01000600028783083,0.43994200229644775
282,1668904132618,-0.018113000318408012,-0.010005000047385693,0.4399360120296478
283,1668904132627,-0.018129000440239906,-0.009998999536037445,0.4399360120296478
284,1668904132634,-0.018146999180316925,-0.009983999654650688,0.43993499875068665
285,1668904132641,-0.018146999180316925,-0.009983999654650688,0.43993499875068665
286,1668904132648,-0.018143000081181526,-0.009982000105082989,0.43993398547172546
287,1668904132655,-0.01812100037932396,-0.009979000315070152,0.43993398547172546
288,1668904132663,-0.018118999898433685,-0.009964999742805958,0.43993300199508667
289,1668904132669,-0.018118999898433685,-0.009964999742805958,0.43993300199508667
290,1668904132677,-0.018100999295711517,-0.00995699968189001,0.43992701172828674
291,1668904132685,-0.018077999353408813,-0.009975000284612179,0.43992099165916443
292,1668904132692,-0.018077999353408813,-0.009975000284612179,0.43992099165916443
293,1668904132699,-0.01806199923157692,-0.0099870003759861,0.4399150013923645
294,1668904132706,-0.018035000190138817,-0.010005000047385693,0.4399139881134033
295,1668904132715,-0.01801300048828125,-0.01001800037920475,0.4399130046367645
296,1668904132722,-0.01801300048828125,-0.01001800037920475,0.4399130046367645
297,1668904132729,-0.018007999286055565,-0.010037999600172043,0.4399070143699646
298,1668904132737,-0.01801699958741665,-0.010042999871075153,0.4399000108242035
299,1668904132745,-0.018022999167442322,-0.010046999901533127,0.4398939907550812
300,1668904132751,-0.018022999167442322,-0.010046999901533127,0.4398939907550812
301,1668904132760,-0.018007000908255577,-0.010060999542474747,0.43988901376724243
302,1668904132768,-0.018005000427365303,-0.01006300002336502,0.43988800048828125
303,1668904132777,-0.018014999106526375,-0.010054999962449074,0.4398829936981201
304,1668904132785,-0.018017999827861786,-0.010045000351965427,0.439875990152359
305,1668904132791,-0.018017999827861786,-0.010045000351965427,0.439875990152359
306,1668904132799,-0.01800999976694584,-0.010037999600172043,0.43987101316452026
307,1668904132806,-0.018024999648332596,-0.010026000440120697,0.43986400961875916
308,1668904132814,-0.018024999648332596,-0.010026000440120697,0.43986400961875916
309,1668904132820,-0.018038999289274216,-0.010017000138759613,0.43985798954963684
310,1668904132828,-0.018056999891996384,-0.010002999566495419,0.43985798954963684
311,1668904132835,-0.01805800013244152,-0.009983999654650688,0.4398519992828369
312,1668904132842,-0.01805800013244152,-0.009983999654650688,0.4398519992828369
313,1668904132850,-0.018053999170660973,-0.009986000135540962,0.439846009016037
314,1668904132858,-0.01806199923157692,-0.009986000135540962,0.4398399889469147
315,1668904132866,-0.01807500049471855,-0.009986000135540962,0.4398350119590759
316,1668904132872,-0.01807500049471855,-0.009986000135540962,0.4398350119590759
317,1668904132879,-0.01808900013566017,-0.009986000135540962,0.4398289918899536
318,1668904132887,-0.018101999536156654,-0.009964999742805958,0.4398219883441925
319,1668904132893,-0.018101999536156654,-0.009964999742805958,0.4398219883441925
320,1668904132901,-0.018112000077962875,-0.009948999620974064,0.43981701135635376
321,1668904132910,-0.018125999718904495,-0.00992400012910366,0.4398159980773926
322,1668904132920,-0.018138999119400978,-0.009894000366330147,0.4398159980773926
323,1668904132928,-0.018149999901652336,-0.009868999943137169,0.43981000781059265
324,1668904132934,-0.018149999901652336,-0.009868999943137169,0.43981000781059265
325,1668904132942,-0.018171999603509903,-0.009851999580860138,0.43980398774147034
326,1668904132951,-0.018187999725341797,-0.009836000390350819,0.4397970139980316
327,1668904132959,-0.018198000267148018,-0.009840999729931355,0.4397920072078705
328,1668904132969,-0.018206000328063965,-0.009837999939918518,0.43978598713874817
329,1668904132978,-0.018214000388979912,-0.009835000149905682,0.43978598713874817
330,1668904132989,-0.018232999369502068,-0.009824000298976898,0.43977999687194824
331,1668904132999,-0.018252000212669373,-0.009813000448048115,0.4397740066051483
332,1668904133008,-0.018275000154972076,-0.009800000116229057,0.4397610127925873
333,1668904133012,-0.018275000154972076,-0.009800000116229057,0.4397610127925873
334,1668904133020,-0.018310999497771263,-0.009770000353455544,0.43975499272346497
335,1668904133027,-0.018350999802350998,-0.009755999781191349,0.43974998593330383
336,1668904133034,-0.018350999802350998,-0.009755999781191349,0.43974998593330383
337,1668904133041,-0.018373999744653702,-0.009743000380694866,0.43974900245666504
338,1668904133049,-0.01839200034737587,-0.009723999537527561,0.4397430121898651
339,1668904133055,-0.01839200034737587,-0.009723999537527561,0.4397430121898651
340,1668904133062,-0.018403999507427216,-0.009711000137031078,0.43974199891090393
341,1668904133069,-0.01842300035059452,-0.009688000194728374,0.4397349953651428
342,1668904133075,-0.01842300035059452,-0.009688000194728374,0.4397349953651428
343,1668904133086,-0.018453000113368034,-0.00965800043195486,0.43972399830818176
344,1668904133093,-0.018453000113368034,-0.00965800043195486,0.43972399830818176
345,1668904133102,-0.01846100017428398,-0.009651999920606613,0.4397200047969818
346,1668904133108,-0.018476000055670738,-0.009637000039219856,0.4397130012512207
347,1668904133114,-0.018476000055670738,-0.009637000039219856,0.4397130012512207
348,1668904133121,-0.01848600059747696,-0.00962899997830391,0.43970799446105957
349,1668904133129,-0.01849599927663803,-0.009627999737858772,0.43970099091529846
350,1668904133136,-0.01850700005888939,-0.00962700042873621,0.4396960139274597
351,1668904133143,-0.01850700005888939,-0.00962700042873621,0.4396960139274597
352,1668904133150,-0.018519999459385872,-0.009614000096917152,0.4396899938583374
353,1668904133157,-0.018533999100327492,-0.009600000455975533,0.4396899938583374
354,1668904133163,-0.018533999100327492,-0.009600000455975533,0.4396899938583374
355,1668904133172,-0.018547000363469124,-0.009600000455975533,0.4396840035915375
356,1668904133182,-0.018561000004410744,-0.009585999883711338,0.43967801332473755
357,1668904133191,-0.018581999465823174,-0.009573999792337418,0.43967100977897644
358,1668904133202,-0.01860100030899048,-0.00955899991095066,0.4396660029888153
359,1668904133230,-0.018640000373125076,-0.009514999575912952,0.43964800238609314
360,1668904133238,-0.018658999353647232,-0.009503999724984169,0.4396420121192932
361,1668904133246,-0.018671000376343727,-0.009487999603152275,0.4396350085735321
362,1668904133253,-0.018671000376343727,-0.009487999603152275,0.4396350085735321
363,1668904133261,-0.0186769999563694,-0.009486000053584576,0.43963098526000977
364,1668904133269,-0.01869099959731102,-0.009472000412642956,0.43962499499320984
365,1668904133278,-0.01870100013911724,-0.009464000351727009,0.43962499499320984
366,1668904133286,-0.018710000440478325,-0.009453999809920788,0.43962401151657104
367,1668904133292,-0.018710000440478325,-0.009453999809920788,0.43962401151657104
368,1668904133299,-0.018725000321865082,-0.009442999958992004,0.4396190047264099
369,1668904133305,-0.018725000321865082,-0.009442999958992004,0.4396190047264099
370,1668904133312,-0.018736999481916428,-0.00943399965763092,0.4396120011806488
371,1668904133319,-0.01874000020325184,-0.009437999688088894,0.4396120011806488
372,1668904133325,-0.01874000020325184,-0.009437999688088894,0.4396120011806488
373,1668904133331,-0.018742000684142113,-0.009424000047147274,0.4396060109138489
374,1668904133339,-0.01872600056231022,-0.009417000226676464,0.43959999084472656
375,1668904133347,-0.018712999299168587,-0.00940600037574768,0.43959400057792664
376,1668904133353,-0.018712999299168587,-0.00940600037574768,0.43959400057792664
377,1668904133363,-0.01871499978005886,-0.00938900001347065,0.4395880103111267
378,1668904133371,-0.018719999119639397,-0.009380999952554703,0.4395810067653656
379,1668904133379,-0.018719999119639397,-0.009390000253915787,0.4395749866962433
380,1668904133390,-0.018719999119639397,-0.009398999623954296,0.43956899642944336
381,1668904133397,-0.018711000680923462,-0.009398000314831734,0.43956300616264343
382,1668904133404,-0.018711000680923462,-0.009398000314831734,0.43956300616264343
383,1668904133414,-0.018688999116420746,-0.009417999535799026,0.4395560026168823
384,1668904133422,-0.01867000013589859,-0.009442999958992004,0.4395500123500824
385,1668904133430,-0.018658999353647232,-0.009453999809920788,0.4395430088043213
386,1668904133439,-0.018636999651789665,-0.009464999660849571,0.439536988735199
387,1668904133447,-0.018626999109983444,-0.009472000412642956,0.43953099846839905
388,1668904133454,-0.018626999109983444,-0.009472000412642956,0.43953099846839905
389,1668904133464,-0.018619000911712646,-0.009464000351727009,0.43952998518943787
390,1668904133472,-0.01862500049173832,-0.009448999539017677,0.43952399492263794
391,1668904133481,-0.01862199977040291,-0.009441999718546867,0.43952399492263794
392,1668904133490,-0.018619000911712646,-0.009433000348508358,0.43952301144599915
393,1668904133497,-0.0186110008507967,-0.009441999718546867,0.43951699137687683
394,1668904133507,-0.01859699934720993,-0.009453999809920788,0.43950599431991577
395,1668904133517,-0.01859699934720993,-0.009452000260353088,0.43950000405311584
396,1668904133527,-0.01859699934720993,-0.009451000019907951,0.4394969940185547
397,1668904133535,-0.018602000549435616,-0.009455000050365925,0.43949300050735474
398,1668904133544,-0.018623000010848045,-0.009440000168979168,0.43948599696159363
399,1668904133562,-0.018641000613570213,-0.009422999806702137,0.4394739866256714
400,1668904133568,-0.018641000613570213,-0.009422999806702137,0.4394739866256714
401,1668904133576,-0.018648000434041023,-0.009421999566257,0.43946799635887146
402,1668904133585,-0.018650999292731285,-0.009424000047147274,0.43946200609207153
403,1668904133591,-0.01865299977362156,-0.009428000077605247,0.4394559860229492
404,1668904133599,-0.01865299977362156,-0.009428000077605247,0.4394559860229492
405,1668904133609,-0.018650000914931297,-0.0094200000166893,0.4394499957561493
406,1668904133616,-0.01862500049173832,-0.009418999776244164,0.43944400548934937
407,1668904133625,-0.0186110008507967,-0.009421000257134438,0.43943798542022705
408,1668904133634,-0.018610000610351562,-0.009424000047147274,0.4394319951534271
409,1668904133642,-0.018605999648571014,-0.009414000436663628,0.4394260048866272
410,1668904133650,-0.018605999648571014,-0.009414000436663628,0.4394260048866272
411,1668904133662,-0.018595999106764793,-0.009397000074386597,0.4394190013408661
412,1668904133674,-0.018588999286293983,-0.00937699992209673,0.43941399455070496
413,1668904133684,-0.01857299916446209,-0.009378000162541866,0.43941399455070496
414,1668904133690,-0.01857299916446209,-0.009378000162541866,0.43941399455070496
415,1668904133700,-0.018574999645352364,-0.009384999983012676,0.43941301107406616
416,1668904133708,-0.018588999286293983,-0.00938399974256754,0.43940600752830505
417,1668904133713,-0.018588999286293983,-0.009406999684870243,0.43939998745918274
418,1668904133725,-0.018592000007629395,-0.009403999894857407,0.43939900398254395
419,1668904133733,-0.018588999286293983,-0.009406999684870243,0.4393939971923828
420,1668904133744,-0.01857900060713291,-0.009403999894857407,0.4393880069255829
421,1668904133754,-0.01856900006532669,-0.00940100010484457,0.4393880069255829
422,1668904133763,-0.018559999763965607,-0.00938900001347065,0.43938198685646057
423,1668904133771,-0.018559999763965607,-0.00938900001347065,0.43938198685646057
424,1668904133779,-0.0185759998857975,-0.00937000010162592,0.43937599658966064
425,1668904133789,-0.018590999767184258,-0.009352000430226326,0.43936899304389954
426,1668904133797,-0.01860000006854534,-0.009344999678432941,0.4393639862537384
427,1668904133808,-0.018610000610351562,-0.009347000159323215,0.4393579959869385
428,1668904133815,-0.01862199977040291,-0.009336999617516994,0.43935200572013855
429,1668904133823,-0.018631000071763992,-0.009327000007033348,0.43934598565101624
430,1668904133830,-0.018631000071763992,-0.009327000007033348,0.43934598565101624
431,1668904133840,-0.018637999892234802,-0.009318999946117401,0.4393340051174164
432,1668904133850,-0.018650999292731285,-0.009305000305175781,0.4393270015716553
433,1668904133869,-0.018671000376343727,-0.009289000183343887,0.43932199478149414
434,1668904133882,-0.018678000196814537,-0.009290000423789024,0.43932199478149414
435,1668904133891,-0.018681000918149948,-0.009286999702453613,0.4393160045146942
436,1668904133904,-0.018695000559091568,-0.009277000091969967,0.4393030107021332
437,1668904133914,-0.018702000379562378,-0.009274999611079693,0.43929800391197205
438,1668904133927,-0.01870799995958805,-0.00926399976015091,0.4392920136451721
439,1668904133938,-0.01872199960052967,-0.00926399976015091,0.4392859935760498
440,1668904133951,-0.01874300092458725,-0.009251999668776989,0.4392859935760498
441,1668904133965,-0.018765000626444817,-0.009239000268280506,0.4392800033092499
442,1668904133978,-0.018773000687360764,-0.009236999787390232,0.43927499651908875
443,1668904133988,-0.018782999366521835,-0.009228999726474285,0.4392690062522888
444,1668904133996,-0.018797000870108604,-0.009228999726474285,0.4392629861831665
445,1668904134006,-0.018818000331521034,-0.009216999635100365,0.4392569959163666
446,1668904134012,-0.018818000331521034,-0.009216999635100365,0.4392569959163666
447,1668904134026,-0.018851999193429947,-0.009190999902784824,0.43924999237060547
448,1668904134033,-0.018851999193429947,-0.009190999902784824,0.43924999237060547
449,1668904134046,-0.0188790000975132,-0.009169000200927258,0.4392389953136444
450,1668904134052,-0.0188790000975132,-0.009169000200927258,0.4392389953136444
451,1668904134063,-0.018883999437093735,-0.009170999750494957,0.4392339885234833
452,1668904134071,-0.018902000039815903,-0.009165000170469284,0.43922701478004456
453,1668904134075,-0.018902000039815903,-0.009165000170469284,0.43922701478004456
454,1668904134090,-0.01889600045979023,-0.009177000261843204,0.4392339885234833
455,1668904134099,-0.01889299973845482,-0.009193000383675098,0.4392389953136444
456,1668904134109,-0.018874000757932663,-0.009225999936461449,0.4392389953136444
457,1668904134118,-0.01885399967432022,-0.009258000180125237,0.4392380118370056
458,1668904134129,-0.01882000081241131,-0.009305000305175781,0.4392310082912445
459,1668904134141,-0.018799999728798866,-0.009339000098407269,0.4392310082912445
460,1668904134148,-0.0187740009278059,-0.009367000311613083,0.4392299950122833
461,1668904134156,-0.01875999942421913,-0.00939599983394146,0.43922901153564453
462,1668904134168,-0.018744999542832375,-0.009436000138521194,0.43922901153564453
463,1668904134174,-0.01872899942100048,-0.009463000111281872,0.43922799825668335
464,1668904134181,-0.01872899942100048,-0.009463000111281872,0.43922799825668335
465,1668904134191,-0.018710000440478325,-0.00951400026679039,0.4392330050468445
466,1668904134200,-0.018711000680923462,-0.00956599973142147,0.4392380118370056
467,1668904134216,-0.018725000321865082,-0.009579000063240528,0.43923699855804443
468,1668904134230,-0.01873300038278103,-0.009580000303685665,0.43923699855804443
469,1668904134241,-0.0187389999628067,-0.009576999582350254,0.43923598527908325
470,1668904134250,-0.01875000074505806,-0.009585999883711338,0.43923598527908325
471,1668904134258,-0.018751999363303185,-0.009585999883711338,0.43923598527908325
472,1668904134267,-0.018749000504612923,-0.009596000425517559,0.43923598527908325
473,1668904134274,-0.018743999302387238,-0.009606000036001205,0.43923598527908325
474,1668904134280,-0.018743999302387238,-0.009606000036001205,0.43923598527908325
475,1668904134288,-0.0187389999628067,-0.009616999886929989,0.43923598527908325
476,1668904134295,-0.018730999901890755,-0.009633000008761883,0.43924200534820557
477,1668904134301,-0.018730999901890755,-0.009633000008761883,0.43924200534820557
478,1668904134308,-0.018730999901890755,-0.009646999649703503,0.43924200534820557
479,1668904134315,-0.018730999901890755,-0.009646999649703503,0.4392479956150055
480,1668904134322,-0.018730999901890755,-0.009646999649703503,0.4392479956150055
481,1668904134329,-0.01872199960052967,-0.009650000371038914,0.4392539858818054
482,1668904134337,-0.018722999840974808,-0.009643999859690666,0.43925899267196655
483,1668904134345,-0.01871900074183941,-0.00964600034058094,0.43925899267196655
484,1668904134351,-0.01871900074183941,-0.00964600034058094,0.43925899267196655
485,1668904134361,-0.018709000200033188,-0.009638999588787556,0.43926501274108887
486,1668904134372,-0.018709000200033188,-0.009638999588787556,0.43926501274108887
487,1668904134379,-0.01870100013911724,-0.009642000310122967,0.43926501274108887
488,1668904134385,-0.018704000860452652,-0.009634999558329582,0.4392710030078888
489,1668904134399,-0.018709000200033188,-0.00962899997830391,0.4392710030078888
490,1668904134410,-0.018705999478697777,-0.009634999558329582,0.4392710030078888
491,1668904134417,-0.018704000860452652,-0.009639999829232693,0.4392710030078888
492,1668904134426,-0.018706999719142914,-0.00963400024920702,0.4392710030078888
493,1668904134434,-0.018706999719142914,-0.00963400024920702,0.4392710030078888
494,1668904134449,-0.018727000802755356,-0.0096220001578331,0.4392639994621277
495,1668904134456,-0.01873300038278103,-0.009623000398278236,0.43926501274108887
496,1668904134466,-0.018735000863671303,-0.009618000127375126,0.4392639994621277
497,1668904134473,-0.018735000863671303,-0.009618000127375126,0.4392639994621277
498,1668904134482,-0.01873300038278103,-0.009623000398278236,0.4392639994621277
499,1668904134492,-0.01873300038278103,-0.009623000398278236,0.43926501274108887
500,1668904134499,-0.018729999661445618,-0.00962899997830391,0.43926501274108887
501,1668904134510,-0.01874000020325184,-0.00963599979877472,0.43926501274108887
502,1668904134523,-0.01875299960374832,-0.00963599979877472,0.4392699897289276
503,1668904134533,-0.0187780000269413,-0.009646999649703503,0.43927499651908875
504,1668904134545,-0.018844999372959137,-0.009689999744296074,0.439287006855011
505,1668904134554,-0.018844999372959137,-0.009689999744296074,0.439287006855011
506,1668904134567,-0.01887499913573265,-0.009695000015199184,0.439287006855011
507,1668904134577,-0.018883999437093735,-0.009693000465631485,0.439287006855011
508,1668904134585,-0.018895000219345093,-0.0096859997138381,0.439287006855011
509,1668904134592,-0.018895000219345093,-0.0096859997138381,0.439287006855011
510,1668904134602,-0.018897999078035355,-0.009681000374257565,0.439287006855011
511,1668904134611,-0.018893999978899956,-0.009670999832451344,0.4392879903316498
512,1668904134621,-0.018907999619841576,-0.009664000011980534,0.4392879903316498
513,1668904134629,-0.01890300028026104,-0.00967399962246418,0.4392879903316498
514,1668904134640,-0.018905000761151314,-0.009684000164270401,0.4392879903316498
515,1668904134650,-0.01891300082206726,-0.009693999774754047,0.4392879903316498
516,1668904134661,-0.018922999501228333,-0.009708000347018242,0.4392940104007721
517,1668904134669,-0.018928999081254005,-0.009712000377476215,0.4392940104007721
518,1668904134679,-0.018929999321699142,-0.009720000438392162,0.43928900361061096
519,1668904134687,-0.018936000764369965,-0.009723000228404999,0.4392940104007721
520,1668904134701,-0.01893099956214428,-0.009732999838888645,0.4392949938774109
521,1668904134719,-0.018918000161647797,-0.009746000170707703,0.4393010139465332
522,1668904134729,-0.018914999440312386,-0.009751999750733376,0.4393010139465332
523,1668904134739,-0.018921999260783195,-0.009766999632120132,0.439300000667572
524,1668904134747,-0.018924999982118607,-0.00977300014346838,0.43930700421333313
525,1668904134752,-0.018924999982118607,-0.00977300014346838,0.43930700421333313
526,1668904134761,-0.01892700046300888,-0.009790999814867973,0.43930700421333313
527,1668904134768,-0.01892700046300888,-0.009790999814867973,0.43931201100349426
528,1668904134774,-0.01892700046300888,-0.009790999814867973,0.43931201100349426
529,1668904134782,-0.01892399974167347,-0.00979700032621622,0.43931201100349426
530,1668904134789,-0.018929999321699142,-0.009801999665796757,0.4393180012702942
531,1668904134795,-0.018929999321699142,-0.009801999665796757,0.4393180012702942
532,1668904134803,-0.018921999260783195,-0.009846000000834465,0.43931901454925537
533,1668904134810,-0.01888599991798401,-0.009858000092208385,0.4393259882926941
534,1668904134818,-0.0188790000975132,-0.009872999973595142,0.4393259882926941
535,1668904134824,-0.0188790000975132,-0.009872999973595142,0.4393259882926941
536,1668904134833,-0.018888000398874283,-0.0098860003054142,0.4393259882926941
537,1668904134840,-0.018881000578403473,-0.009847000241279602,0.4393329918384552
538,1668904134846,-0.018881000578403473,-0.009847000241279602,0.4393329918384552
539,1668904134853,-0.01889600045979023,-0.009813999757170677,0.4393329918384552
540,1668904134861,-0.01889999955892563,-0.009802999906241894,0.4393329918384552
541,1668904134867,-0.01889999955892563,-0.009802999906241894,0.4393329918384552
542,1668904134873,-0.018884999677538872,-0.009793000295758247,0.4393399953842163
543,1668904134884,-0.01886799931526184,-0.009770000353455544,0.43934500217437744
544,1668904134893,-0.018926000222563744,-0.009751000441610813,0.4393570125102997
545,1668904134903,-0.01899299956858158,-0.00975400023162365,0.4393630027770996
546,1668904134913,-0.018981000408530235,-0.009731999598443508,0.43935900926589966
547,1668904134923,-0.019092999398708344,-0.009726000018417835,0.43936699628829956
548,1668904134933,-0.022715000435709953,-0.007443999871611595,0.43983298540115356
549,1668904134942,-0.029255999252200127,-0.0037219999358057976,0.4412919878959656
550,1668904134958,-0.03187600150704384,-0.003183000022545457,0.44211500883102417
551,1668904134973,-0.024841999635100365,-0.006496999878436327,0.4413529932498932
552,1668904134981,-0.022106999531388283,-0.008062000386416912,0.4410589933395386
553,1668904134989,-0.021707000210881233,-0.008557000197470188,0.440995991230011
554,1668904134995,-0.021707000210881233,-0.008557000197470188,0.440995991230011
555,1668904135002,-0.022321000695228577,-0.00820900034159422,0.44104498624801636
556,1668904135009,-0.022657999768853188,-0.007978999987244606,0.4410569965839386
557,1668904135016,-0.022657999768853188,-0.007978999987244606,0.4410569965839386
558,1668904135023,-0.02218399941921234,-0.008224000222980976,0.4410249888896942
559,1668904135031,-0.022001000121235847,-0.008318999782204628,0.44098100066185
560,1668904135036,-0.022001000121235847,-0.008318999782204628,0.44098100066185
561,1668904135044,-0.022531000897288322,-0.007176999934017658,0.44028401374816895
562,1668904135051,-0.022729000076651573,-0.005989000201225281,0.4403649866580963
563,1668904135056,-0.022729000076651573,-0.005989000201225281,0.4403649866580963
564,1668904135063,-0.022404000163078308,-0.008767000399529934,0.4435090124607086
565,1668904135070,-0.02213199995458126,-0.01334999967366457,0.45080798864364624
566,1668904135076,-0.02213199995458126,-0.01334999967366457,0.45080798864364624
567,1668904135083,-0.02162499912083149,-0.014746000058948994,0.46000799536705017
568,1668904135091,-0.0208359993994236,-0.015734000131487846,0.464821994304657
569,1668904135096,-0.0208359993994236,-0.015734000131487846,0.464821994304657
570,1668904135104,-0.01818699948489666,-0.017974000424146652,0.4681439995765686
571,1668904135111,-0.014418000355362892,-0.021049000322818756,0.47447800636291504
572,1668904135119,-0.011704999953508377,-0.021650999784469604,0.47971799969673157
573,1668904135129,-0.010214000009000301,-0.02053700014948845,0.4823170006275177
574,1668904135136,-0.010214000009000301,-0.02053700014948845,0.4823170006275177
575,1668904135145,-0.010346000082790852,-0.02065500058233738,0.4835270047187805
576,1668904135155,-0.010881000198423862,-0.021879000589251518,0.48661598563194275
577,1668904135164,-0.011567000299692154,-0.022624000906944275,0.4895099997520447
578,1668904135175,-0.012381000444293022,-0.023087000474333763,0.4917669892311096
579,1668904135185,-0.0133050000295043,-0.021472999826073647,0.49335598945617676
580,1668904135205,-0.012160000391304493,-0.012090999633073807,0.4975129961967468
581,1668904135211,-0.010312000289559364,-0.010060999542474747,0.49775999784469604
582,1668904135237,-0.010758999735116959,-0.009002000093460083,0.4970659911632538
583,1668904135247,-0.008946999907493591,-0.007114999927580357,0.4981189966201782
584,1668904135258,-0.008414000272750854,-0.006835999898612499,0.4998989999294281
585,1668904135271,-0.008732999674975872,-0.006843999959528446,0.4974989891052246
586,1668904135281,-0.010820000432431698,-0.007639999967068434,0.4921239912509918
587,1668904135289,-0.014705999754369259,-0.008646000176668167,0.4830549955368042
588,1668904135304,-0.01727299951016903,-0.008605999872088432,0.4759649932384491
589,1668904135320,-0.029848000034689903,-0.007845999673008919,0.45383399724960327
590,1668904135331,-0.04149999842047691,-0.009341999888420105,0.441754013299942
591,1668904135336,-0.04149999842047691,-0.009341999888420105,0.441754013299942
592,1668904135345,-0.04816700145602226,-0.00918199960142374,0.43461498618125916
593,1668904135353,-0.04919600114226341,-0.0030060000717639923,0.43156200647354126
594,1668904135364,-0.046581998467445374,0.005125999916344881,0.432345986366272
595,1668904135376,-0.042174000293016434,0.012413999997079372,0.4351719915866852
596,1668904135387,-0.03755500167608261,0.016533000394701958,0.43821901082992554
597,1668904135395,-0.03067700006067753,0.020069999620318413,0.44047701358795166
598,1668904135399,-0.03067700006067753,0.020069999620318413,0.44047701358795166
599,1668904135410,-0.011106000281870365,0.025445999577641487,0.44109299778938293
600,1668904135417,-0.011106000281870365,0.025445999577641487,0.44109299778938293
601,1668904135425,-8.929999894462526E-4,0.027127999812364578,0.44154199957847595
602,1668904135432,0.013344000093638897,0.03134499862790108,0.44250598549842834
603,1668904135438,0.013344000093638897,0.03134499862790108,0.44250598549842834
604,1668904135446,0.024406999349594116,0.035262998193502426,0.4411819875240326
605,1668904135453,0.027824999764561653,0.037379998713731766,0.4376339912414551
606,1668904135460,0.027824999764561653,0.037379998713731766,0.4376339912414551
607,1668904135467,0.022678999230265617,0.034984998404979706,0.4347819983959198
608,1668904135475,0.003367000026628375,0.02465599961578846,0.4335159957408905
609,1668904135482,-0.021424999460577965,0.013764999806880951,0.4347259998321533
610,1668904135488,-0.021424999460577965,0.013764999806880951,0.4347259998321533
611,1668904135495,-0.04565700143575668,7.789999945089221E-4,0.4378489851951599
612,1668904135503,-0.046146001666784286,-0.010982000268995762,0.44109100103378296
613,1668904135508,-0.046146001666784286,-0.010982000268995762,0.44109100103378296
614,1668904135525,-0.02236899919807911,-0.024018000811338425,0.4389069974422455
615,1668904135533,-0.010001000016927719,-0.021206999197602272,0.436489999294281
616,1668904135539,-0.010001000016927719,-0.021206999197602272,0.436489999294281
617,1668904135555,-0.015375000424683094,-0.01664399914443493,0.43623700737953186
618,1668904135575,-0.023189999163150787,-0.012258999980986118,0.43832001090049744
619,1668904135584,-0.0217250008136034,-0.01169500034302473,0.4382820129394531
620,1668904135594,-0.01932300068438053,-0.01321799959987402,0.43774598836898804
621,1668904135605,-0.01932300068438053,-0.01321799959987402,0.43774598836898804
622,1668904135615,-0.01932300068438053,-0.01321799959987402,0.43774598836898804
623,1668904135623,-0.01932300068438053,-0.01321799959987402,0.43774598836898804
624,1668904135629,-0.01932300068438053,-0.01321799959987402,0.43774598836898804
625,1668904135639,-0.01932300068438053,-0.01321799959987402,0.43774598836898804
626,1668904135649,-0.01932300068438053,-0.01321799959987402,0.43774598836898804
627,1668904135657,-0.01932300068438053,-0.01321799959987402,0.43774598836898804
628,1668904135670,-0.01932300068438053,-0.01321799959987402,0.43774598836898804
629,1668904135693,-0.01954600028693676,-0.014898000285029411,0.43775999546051025
630,1668904135705,-0.01955999992787838,-0.015007000416517258,0.43776199221611023
631,1668904135724,-0.01962999999523163,-0.014979000203311443,0.43777400255203247
632,1668904135741,-0.01969500072300434,-0.015026000328361988,0.4377799928188324
633,1668904135754,-0.019714999943971634,-0.015141000039875507,0.4377939999103546
634,1668904135766,-0.019749000668525696,-0.015131000429391861,0.43779900670051575
635,1668904135782,-0.019795000553131104,-0.015135999768972397,0.4378049969673157
636,1668904135795,-0.019825000315904617,-0.015168000012636185,0.4378109872341156
637,1668904135807,-0.01985899917781353,-0.015166000463068485,0.43781599402427673
638,1668904135820,-0.01988299936056137,-0.015174999833106995,0.43782299757003784
639,1668904135829,-0.019903000444173813,-0.015197999775409698,0.437828004360199
640,1668904135838,-0.019912999123334885,-0.015217999927699566,0.4378359913825989
641,1668904135846,-0.019926000386476517,-0.015212999656796455,0.43784600496292114
642,1668904135856,-0.019944999366998672,-0.015216999687254429,0.4378589987754822
643,1668904135867,-0.019957000389695168,-0.015231000259518623,0.4378649890422821
644,1668904135875,-0.019968999549746513,-0.015242000110447407,0.43786999583244324
645,1668904135885,-0.01998800039291382,-0.01525100041180849,0.43787699937820435
646,1668904135891,-0.01998800039291382,-0.01525100041180849,0.43787699937820435
647,1668904135899,-0.020177999511361122,-0.015227999538183212,0.43789100646972656
648,1668904135908,-0.020393000915646553,-0.01514699961990118,0.4379050135612488
649,1668904135916,-0.020607000216841698,-0.015056000091135502,0.43791499733924866
650,1668904135927,-0.02087399922311306,-0.014976000413298607,0.43792399764060974
651,1668904135936,-0.021146999672055244,-0.014876999892294407,0.4379329979419708
652,1668904135947,-0.02133999951183796,-0.014817999675869942,0.437936007976532
653,1668904135956,-0.02149599976837635,-0.014789000153541565,0.43793898820877075
654,1668904135967,-0.021629000082612038,-0.01476099994033575,0.4379419982433319
655,1668904135981,-0.021723000332713127,-0.014759000390768051,0.437949001789093
656,1668904136012,-0.021655000746250153,-0.014084000140428543,0.4379329979419708
657,1668904136033,-0.02561499923467636,0.016711000353097916,0.4379250109195709
658,1668904136050,-0.027383999899029732,0.021890999749302864,0.43799901008605957
659,1668904136068,-0.026393000036478043,0.012397999875247478,0.4380339980125427
660,1668904136129,-0.023267000913619995,-0.00686099985614419,0.4378010034561157
661,1668904136167,-0.0220940001308918,-0.009193000383675098,0.4377729892730713
662,1668904136194,-0.02238200046122074,-0.008727000094950199,0.4378040134906769
663,1668904136234,-0.022585999220609665,-0.008611000142991543,0.43783900141716003
664,1668904136398,-0.02262900024652481,-0.008697000332176685,0.43784698843955994
665,1668904136429,-0.02262900024652481,-0.008697000332176685,0.43784698843955994
666,1668904136402,-0.02262900024652481,-0.008697000332176685,0.43784698843955994
667,1668904136465,-0.02262900024652481,-0.008697000332176685,0.43784698843955994
668,1668904136517,-0.022828999906778336,-0.00901699997484684,0.43789801001548767
669,1668904136581,-0.022828999906778336,-0.00901699997484684,0.43789801001548767
670,1668904136593,-0.022828999906778336,-0.00901699997484684,0.43789801001548767
671,1668904136631,-0.02284199930727482,-0.00902399979531765,0.4379029870033264
672,1668904136663,-0.022857999429106712,-0.009062999859452248,0.43792998790740967
673,1668904136883,-0.022964000701904297,-0.009135999716818333,0.43795299530029297
674,1668904137050,-0.023372000083327293,-0.009244999848306179,0.4380509853363037
675,1668904137115,-0.023372000083327293,-0.009244999848306179,0.4380509853363037
676,1668904137137,-0.023372000083327293,-0.009244999848306179,0.4380509853363037
677,1668904137164,-0.02344599924981594,-0.009379000402987003,0.4380910098552704
678,1668904137183,-0.02344599924981594,-0.009379000402987003,0.4380910098552704
679,1668904137200,-0.02344599924981594,-0.009379000402987003,0.4380910098552704
680,1668904137221,-0.02344599924981594,-0.009379000402987003,0.4380910098552704
681,1668904137259,-0.02358200028538704,-0.009107000194489956,0.4381369948387146
682,1668904137279,-0.023587999865412712,-0.009115999564528465,0.4381450116634369
683,1668904137284,-0.0235849991440773,-0.00913500040769577,0.4381519854068756
684,1668904137298,-0.023600000888109207,-0.009146000258624554,0.43815699219703674
685,1668904137307,-0.023621000349521637,-0.009154999628663063,0.4381580054759979
686,1668904137315,-0.02363700047135353,-0.009166000410914421,0.43816399574279785
687,1668904137322,-0.02367600053548813,-0.009157000109553337,0.4381699860095978
688,1668904137332,-0.02370399981737137,-0.009165000170469284,0.4381760060787201
689,1668904137345,-0.023729000240564346,-0.009193000383675098,0.43818399310112
690,1668904137355,-0.023726999759674072,-0.009220999665558338,0.43818399310112
691,1668904137363,-0.02372400090098381,-0.0092569999396801,0.4381909966468811
692,1668904137372,-0.023724999278783798,-0.009283999912440777,0.43820199370384216
693,1668904137383,-0.023736000061035156,-0.009291999973356724,0.4382080137729645
694,1668904137396,-0.023736000061035156,-0.009291999973356724,0.4382080137729645
695,1668904137403,-0.02375599928200245,-0.009314999915659428,0.4382219910621643
696,1668904137410,-0.02375599928200245,-0.009314999915659428,0.4382219910621643
697,1668904137413,-0.023757999762892723,-0.009332999587059021,0.43822601437568665
698,1668904137423,-0.02374899946153164,-0.009375999681651592,0.43823298811912537
699,1668904137428,-0.02374899946153164,-0.009375999681651592,0.43823298811912537
700,1668904137435,-0.023744000121951103,-0.00941499974578619,0.43823400139808655
701,1668904137446,-0.023739000782370567,-0.00945299956947565,0.4382399916648865
702,1668904137453,-0.023739000782370567,-0.00945299956947565,0.4382399916648865
703,1668904137465,-0.02370000071823597,-0.009576999582350254,0.43825000524520874
704,1668904137469,-0.02370000071823597,-0.009576999582350254,0.43825000524520874
705,1668904137477,-0.02369599975645542,-0.009611000306904316,0.4382550120353699
706,1668904137485,-0.02369000017642975,-0.009634999558329582,0.4382610023021698
707,1668904137500,-0.02368300035595894,-0.00966500025242567,0.43827301263809204
708,1668904137506,-0.023679999634623528,-0.009684000164270401,0.43827900290489197
709,1668904137512,-0.023679999634623528,-0.009684000164270401,0.43827900290489197
710,1668904137519,-0.02367899939417839,-0.009699000045657158,0.43827900290489197
711,1668904137525,-0.02367899939417839,-0.009690999984741211,0.4382860064506531
712,1668904137531,-0.02367899939417839,-0.009690999984741211,0.4382860064506531
713,1668904137537,-0.02369300089776516,-0.009677999652922153,0.43829700350761414
714,1668904137549,-0.02369300089776516,-0.00967899989336729,0.43830400705337524
715,1668904137558,-0.023694999516010284,-0.009676000103354454,0.43830499053001404
716,1668904137565,-0.023694999516010284,-0.009676000103354454,0.43830499053001404
717,1668904137570,-0.023711999878287315,-0.009686999954283237,0.43831199407577515
718,1668904137576,-0.02373499982059002,-0.009689999744296074,0.4383229911327362
719,1668904137583,-0.023737000301480293,-0.009716000407934189,0.4383299946784973
720,1668904137589,-0.023737000301480293,-0.009716000407934189,0.4383299946784973
721,1668904137603,-0.023739999160170555,-0.009732999838888645,0.4383470118045807
722,1668904137610,-0.023739999160170555,-0.009732999838888645,0.4383470118045807
723,1668904137616,-0.02372800000011921,-0.009689000435173512,0.4383539855480194
724,1668904137623,-0.02371799945831299,-0.00966699980199337,0.4383560121059418
725,1668904137630,-0.02371799945831299,-0.00966699980199337,0.4383560121059418
726,1668904137647,-0.023685000836849213,-0.00967399962246418,0.4383699893951416
727,1668904137659,-0.023659000173211098,-0.009690999984741211,0.4383710026741028
728,1668904137666,-0.023638000711798668,-0.009695000015199184,0.4383780062198639
729,1668904137676,-0.023612000048160553,-0.009680000133812428,0.4383839964866638
730,1668904137687,-0.023587999865412712,-0.009693999774754047,0.438385009765625
731,1668904137701,-0.02356800064444542,-0.009716000407934189,0.4383859932422638
732,1668904137709,-0.023545999079942703,-0.009739000350236893,0.438387006521225
733,1668904137715,-0.023538999259471893,-0.009748999960720539,0.438387006521225
734,1668904137721,-0.023538999259471893,-0.009748999960720539,0.438387006521225
735,1668904137728,-0.02352900058031082,-0.00976600032299757,0.4383929967880249
736,1668904137735,-0.02350500039756298,-0.009751999750733376,0.4384100139141083
737,1668904137749,-0.02350199967622757,-0.009690999984741211,0.4384309947490692
738,1668904137757,-0.023499999195337296,-0.0096220001578331,0.43845200538635254
739,1668904137764,-0.02350899949669838,-0.009602000005543232,0.4384779930114746
740,1668904137769,-0.02350899949669838,-0.009602000005543232,0.4384779930114746
741,1668904137774,-0.02352299913764,-0.009630000218749046,0.4384959936141968
742,1668904137783,-0.02352900058031082,-0.009673000313341618,0.4385240077972412
743,1668904137789,-0.02352900058031082,-0.009673000313341618,0.4385240077972412
744,1668904137800,-0.023513000458478928,-0.009677999652922153,0.4385409951210022
745,1668904137808,-0.02348499931395054,-0.009637000039219856,0.43855199217796326
746,1668904137812,-0.02348499931395054,-0.009637000039219856,0.43855199217796326
747,1668904137821,-0.023446999490261078,-0.009569999761879444,0.43855100870132446
748,1668904137829,-0.023384999483823776,-0.009514999575912952,0.4385330080986023
749,1668904137836,-0.023257000371813774,-0.009467000141739845,0.43849998712539673
750,1668904137848,-0.02305700071156025,-0.009266999550163746,0.43841201066970825
751,1668904137858,-0.02285899966955185,-0.008860000409185886,0.4382449984550476
752,1668904137864,-0.02254199981689453,-0.008217999711632729,0.4379130005836487
753,1668904137869,-0.02254199981689453,-0.008217999711632729,0.4379130005836487
754,1668904137877,-0.022165000438690186,-0.007555999793112278,0.4375230073928833
755,1668904137884,-0.022165000438690186,-0.007555999793112278,0.4375230073928833
756,1668904137898,-0.02131499908864498,-0.006016000173985958,0.4364820122718811
757,1668904137900,-0.02131499908864498,-0.006016000173985958,0.4364820122718811
758,1668904137909,-0.021006999537348747,-0.005270000081509352,0.43604400753974915
759,1668904137917,-0.020871000364422798,-0.004796000197529793,0.43582800030708313
760,1668904137923,-0.020871000364422798,-0.004796000197529793,0.43582800030708313
761,1668904137929,-0.020822999998927116,-0.0045289997942745686,0.4357300102710724
762,1668904137936,-0.020803000777959824,-0.0043739997781813145,0.4357050061225891
763,1668904137948,-0.020819000899791718,-0.004238000139594078,0.43573299050331116
764,1668904137955,-0.020819000899791718,-0.004238000139594078,0.43573299050331116
765,1668904137962,-0.020865000784397125,-0.0041240002028644085,0.4357840120792389
766,1668904137968,-0.020914999768137932,-0.003944000229239464,0.4358780086040497
767,1668904137975,-0.020958000794053078,-0.003705000039190054,0.4360019862651825
768,1668904137982,-0.020958000794053078,-0.003705000039190054,0.4360019862651825
769,1668904137998,-0.021069999784231186,-0.002652999944984913,0.43648800253868103
770,1668904138008,-0.021100999787449837,-0.00190100003965199,0.43678200244903564
771,1668904138013,-0.021100999787449837,-0.00190100003965199,0.43678200244903564
772,1668904138020,-0.021087000146508217,-0.0013689999468624592,0.436955988407135
773,1668904138036,-0.020912999287247658,-5.389999714680016E-4,0.4370729923248291
774,1668904138046,-0.020795999094843864,-8.199999865610152E-5,0.43704700469970703
775,1668904138049,-0.020795999094843864,-8.199999865610152E-5,0.43704700469970703
776,1668904138066,-0.02044299989938736,8.650000090710819E-4,0.4367310106754303
777,1668904138070,-0.02044299989938736,8.650000090710819E-4,0.4367310106754303
778,1668904138078,-0.02019600011408329,0.0013020000187680125,0.4365620017051697
779,1668904138084,-0.02019600011408329,0.0013020000187680125,0.4365620017051697
780,1668904138097,-0.019474999979138374,0.0026859999634325504,0.4361079931259155
781,1668904138103,-0.019474999979138374,0.0026859999634325504,0.4361079931259155
782,1668904138111,-0.01934099942445755,0.00344299990683794,0.43595099449157715
783,1668904138117,-0.019293000921607018,0.0041589997708797455,0.4358150064945221
784,1668904138123,-0.019293000921607018,0.0041589997708797455,0.4358150064945221
785,1668904138130,-0.019175000488758087,0.004803000018000603,0.43577298521995544
786,1668904138136,-0.019139999523758888,0.005384000018239021,0.43581900000572205
787,1668904138147,-0.019068999215960503,0.006167999934405088,0.43559199571609497
788,1668904138154,-0.019068999215960503,0.006167999934405088,0.43559199571609497
789,1668904138163,-0.018881000578403473,0.006858999840915203,0.43515700101852417
790,1668904138171,-0.018415000289678574,0.007519000209867954,0.43443700671195984
791,1668904138179,-0.01796099916100502,0.008214999921619892,0.43355700373649597
792,1668904138185,-0.018061000853776932,0.009328999556601048,0.4318450093269348
793,1668904138198,-0.01870499923825264,0.009564000181853771,0.4306580126285553
794,1668904138208,-0.01903199963271618,0.00839800015091896,0.43004900217056274
795,1668904138212,-0.01903199963271618,0.00839800015091896,0.43004900217056274
796,1668904138219,-0.019450999796390533,0.0054410002194345,0.4300270080566406
797,1668904138225,-0.020563999190926552,0.001306000049225986,0.4308739900588989
798,1668904138232,-0.020563999190926552,0.001306000049225986,0.4308739900588989
799,1668904138238,-0.022252999246120453,-0.003969000186771154,0.43251898884773254
800,1668904138250,-0.022771000862121582,-0.00824000034481287,0.43338701128959656
801,1668904138258,-0.022143999114632607,-0.007302999962121248,0.43407300114631653
802,1668904138264,-0.022143999114632607,-0.007302999962121248,0.43407300114631653
803,1668904138271,-0.022749999538064003,-0.005553000140935183,0.43415600061416626
804,1668904138277,-0.022954000160098076,-0.004656000062823296,0.43389201164245605
805,1668904138283,-0.022954000160098076,-0.004656000062823296,0.43389201164245605
806,1668904138292,-0.022873999550938606,-0.005034000147134066,0.43385401368141174
807,1668904138302,-0.02259100042283535,-0.00570600014179945,0.43383899331092834
808,1668904138310,-0.022450000047683716,-0.005880999844521284,0.43381500244140625
809,1668904138315,-0.022450000047683716,-0.005880999844521284,0.43381500244140625
810,1668904138323,-0.02255599945783615,-0.0057020001113414764,0.43381598591804504
811,1668904138330,-0.022583000361919403,-0.005665999837219715,0.43381598591804504
812,1668904138337,-0.022481000050902367,-0.005841999780386686,0.433788001537323
813,1668904138351,-0.02243099920451641,-0.00596500001847744,0.4337559938430786
814,1668904138360,-0.02244199998676777,-0.005950999911874533,0.4337339997291565
815,1668904138365,-0.02244199998676777,-0.005950999911874533,0.4337339997291565
816,1668904138374,-0.02244500070810318,-0.0059529999271035194,0.43371400237083435
817,1668904138381,-0.02241699956357479,-0.00599699979647994,0.4337030053138733
818,1668904138386,-0.02241699956357479,-0.00599699979647994,0.4337030053138733
819,1668904138401,-0.022381000220775604,-0.006093999836593866,0.4336889982223511
820,1668904138410,-0.02237600088119507,-0.006132000125944614,0.43367800116539
821,1668904138417,-0.02237600088119507,-0.006132000125944614,0.43367800116539
822,1668904138423,-0.02237199991941452,-0.006175999995321035,0.43366798758506775
823,1668904138430,-0.022359000518918037,-0.006237000226974487,0.4336569905281067
824,1668904138435,-0.022359000518918037,-0.006237000226974487,0.4336569905281067
825,1668904138447,-0.022352000698447227,-0.0062779998406767845,0.4336479902267456
826,1668904138453,-0.022346999496221542,-0.006318000145256519,0.43364399671554565
827,1668904138461,-0.02233700081706047,-0.00636899983510375,0.4336389899253845
828,1668904138467,-0.02233700081706047,-0.00636899983510375,0.4336389899253845
829,1668904138474,-0.022332999855279922,-0.0064130001701414585,0.4336340129375458
830,1668904138482,-0.022329000756144524,-0.006444999948143959,0.4336340129375458
831,1668904138488,-0.022319000214338303,-0.006467000115662813,0.4336310029029846
832,1668904138502,-0.022305000573396683,-0.006496000103652477,0.4336259961128235
833,1668904138512,-0.022292999550700188,-0.006535999942570925,0.43362098932266235
834,1668904138518,-0.022283000871539116,-0.006556999869644642,0.43362098932266235
835,1668904138524,-0.022283000871539116,-0.006556999869644642,0.43362098932266235
836,1668904138531,-0.022274000570178032,-0.00658900011330843,0.43362799286842346
837,1668904138537,-0.022274000570178032,-0.00658900011330843,0.43362799286842346
838,1668904138551,-0.022193999961018562,-0.006653999909758568,0.43362900614738464
839,1668904138559,-0.022193999961018562,-0.006653999909758568,0.43362900614738464
840,1668904138566,-0.02214200049638748,-0.006678999867290258,0.4336250126361847
841,1668904138576,-0.0220979992300272,-0.00671500014141202,0.4336189925670624
842,1668904138582,-0.022089999169111252,-0.006738999858498573,0.4336189925670624
843,1668904138589,-0.022033000364899635,-0.0067980000749230385,0.4336239993572235
844,1668904138605,-0.021964000537991524,-0.006850999779999256,0.4336189925670624
845,1668904138614,-0.02187499962747097,-0.006909999996423721,0.4336180090904236
846,1668904138622,-0.021787000820040703,-0.006963000167161226,0.4336180090904236
847,1668904138629,-0.021764999255537987,-0.007002000231295824,0.4336189925670624
848,1668904138634,-0.021764999255537987,-0.007002000231295824,0.4336189925670624
849,1668904138640,-0.021764999255537987,-0.007015999872237444,0.4336189925670624
850,1668904138656,-0.021758999675512314,-0.0070409998297691345,0.4336189925670624
851,1668904138665,-0.02174299955368042,-0.007067999802529812,0.43361398577690125
852,1668904138671,-0.021733999252319336,-0.007087999954819679,0.43361398577690125
853,1668904138678,-0.021733999252319336,-0.007087999954819679,0.43361398577690125
854,1668904138685,-0.02172599919140339,-0.00710699986666441,0.4336149990558624
855,1668904138700,-0.021696999669075012,-0.007160999812185764,0.4336099922657013
856,1668904138706,-0.021696999669075012,-0.007160999812185764,0.4336099922657013
857,1668904138714,-0.021683000028133392,-0.0071840002201497555,0.4336099922657013
858,1668904138724,-0.02167399972677231,-0.007211000192910433,0.4336110055446625
859,1668904138732,-0.021541999652981758,-0.007236000150442123,0.4336310029029846
860,1668904138749,-0.021425999701023102,-0.007381000090390444,0.43364599347114563
861,1668904138759,-0.021425999701023102,-0.007381000090390444,0.43364599347114563
862,1668904138765,-0.021412000060081482,-0.007368000224232674,0.43364599347114563
863,1668904138773,-0.021383000537753105,-0.0073979999870061874,0.4336470067501068
864,1668904138780,-0.02135699987411499,-0.0074280002154409885,0.4336479902267456
865,1668904138786,-0.02135699987411499,-0.0074280002154409885,0.4336479902267456
866,1668904138802,-0.021328000351786613,-0.0074339997954666615,0.4336540102958679
867,1668904138811,-0.021291999146342278,-0.0074640000239014626,0.4336549937725067
868,1668904138817,-0.021291999146342278,-0.0074640000239014626,0.4336549937725067
869,1668904138824,-0.021270999684929848,-0.0074800001457333565,0.4336560070514679
870,1668904138831,-0.0212629996240139,-0.007482999935746193,0.4336560070514679
871,1668904138837,-0.0212629996240139,-0.007482999935746193,0.4336560070514679
872,1668904138853,-0.02122499980032444,-0.007526999805122614,0.43365800380706787
873,1668904138862,-0.021216999739408493,-0.007542000152170658,0.43365800380706787
874,1668904138873,-0.02120400033891201,-0.007561999838799238,0.43365898728370667
875,1668904138881,-0.0211970005184412,-0.007577000185847282,0.43365898728370667
876,1668904138887,-0.0211970005184412,-0.007577000185847282,0.43365898728370667
877,1668904138902,-0.021184999495744705,-0.007600000128149986,0.433665007352829
878,1668904138911,-0.021178999915719032,-0.0076299998909235,0.433665007352829
879,1668904138916,-0.021178999915719032,-0.0076299998909235,0.433665007352829
880,1668904138923,-0.021172000095248222,-0.0076489998027682304,0.4336659908294678
881,1668904138929,-0.021172000095248222,-0.0076489998027682304,0.4336659908294678
882,1668904138934,-0.02114499919116497,-0.007672000210732222,0.4336659908294678
883,1668904138947,-0.021126000210642815,-0.0076790000312030315,0.4336709976196289
884,1668904138953,-0.021112000569701195,-0.007689999882131815,0.4336709976196289
885,1668904138962,-0.021087000146508217,-0.007708000019192696,0.4336720108985901
886,1668904138967,-0.021087000146508217,-0.007708000019192696,0.4336720108985901
887,1668904138974,-0.021067000925540924,-0.007716000080108643,0.4336720108985901
888,1668904138981,-0.021067000925540924,-0.007716000080108643,0.4336720108985901
889,1668904138986,-0.021044999361038208,-0.0077229999005794525,0.4336729943752289
890,1668904138997,-0.02102700062096119,-0.007724999915808439,0.4336729943752289
891,1668904139009,-0.021006999537348747,-0.00773700000718236,0.43367400765419006
892,1668904139015,-0.020997000858187675,-0.007759000174701214,0.43367400765419006
893,1668904139022,-0.020997000858187675,-0.007759000174701214,0.43367400765419006
894,1668904139033,-0.02099199965596199,-0.0077840001322329044,0.43367499113082886
895,1668904139043,-0.020969999954104424,-0.007807999849319458,0.43368199467658997
896,1668904139050,-0.020955000072717667,-0.007825000211596489,0.43368199467658997
897,1668904139056,-0.020955000072717667,-0.007825000211596489,0.43368199467658997
898,1668904139070,-0.02092600055038929,-0.007833000272512436,0.43369001150131226
899,1668904139078,-0.02092600055038929,-0.007833000272512436,0.43369001150131226
900,1668904139084,-0.020899999886751175,-0.007814000360667706,0.433694988489151
901,1668904139093,-0.020899999886751175,-0.007814000360667706,0.433694988489151
902,1668904139103,-0.020837999880313873,-0.007803000044077635,0.4337080121040344
903,1668904139112,-0.020820999518036842,-0.007815999910235405,0.4337080121040344
904,1668904139117,-0.020820999518036842,-0.007815999910235405,0.4337080121040344
905,1668904139124,-0.020802000537514687,-0.007821000181138515,0.4337089955806732
906,1668904139130,-0.020802000537514687,-0.007821000181138515,0.4337089955806732
907,1668904139136,-0.020795999094843864,-0.007830999791622162,0.4337089955806732
908,1668904139148,-0.020780999213457108,-0.007841000333428383,0.4337089955806732
909,1668904139155,-0.020766999572515488,-0.007852000184357166,0.4337100088596344
910,1668904139163,-0.020757000893354416,-0.007852000184357166,0.4337100088596344
911,1668904139168,-0.020757000893354416,-0.007852000184357166,0.4337100088596344
912,1668904139182,-0.0207310002297163,-0.007867000065743923,0.4337120056152344
913,1668904139186,-0.0207310002297163,-0.007867000065743923,0.4337120056152344
914,1668904139201,-0.020726000890135765,-0.007877999916672707,0.4337120056152344
915,1668904139209,-0.020715000107884407,-0.007899999618530273,0.43371298909187317
916,1668904139218,-0.020702000707387924,-0.007926000282168388,0.43371298909187317
917,1668904139229,-0.020692000165581703,-0.007947999984025955,0.43371400237083435
918,1668904139236,-0.02068299986422062,-0.007965999655425549,0.4337199926376343
919,1668904139253,-0.02067199908196926,-0.00798800028860569,0.4337260127067566
920,1668904139260,-0.02067199908196926,-0.00798800028860569,0.4337260127067566
921,1668904139270,-0.020659999921917915,-0.007992000319063663,0.4337320029735565
922,1668904139278,-0.020653000101447105,-0.008000999689102173,0.4337329864501953
923,1668904139286,-0.02065099962055683,-0.008005999960005283,0.43373799324035645
924,1668904139304,-0.020640000700950623,-0.008018000051379204,0.4337430000305176
925,1668904139312,-0.020628999918699265,-0.00803999975323677,0.4337550103664398
926,1668904139318,-0.020628999918699265,-0.00803999975323677,0.4337550103664398
927,1668904139324,-0.02061999961733818,-0.008049000054597855,0.43375998735427856
928,1668904139333,-0.020607000216841698,-0.008050999604165554,0.4337669909000397
929,1668904139337,-0.020607000216841698,-0.008050999604165554,0.4337669909000397
930,1668904139349,-0.020601000636816025,-0.008043999783694744,0.4337719976902008
931,1668904139356,-0.020602000877261162,-0.008024999871850014,0.43377700448036194
932,1668904139364,-0.020589999854564667,-0.008018000051379204,0.43377798795700073
933,1668904139372,-0.02057800069451332,-0.008015000261366367,0.4337790012359619
934,1668904139380,-0.02057800069451332,-0.008015000261366367,0.4337790012359619
935,1668904139404,-0.020569000393152237,-0.00801599957048893,0.433786004781723
936,1668904139413,-0.020569000393152237,-0.008030000142753124,0.433786004781723
937,1668904139419,-0.020569000393152237,-0.008030000142753124,0.433786004781723
938,1668904139426,-0.0205680001527071,-0.008027000352740288,0.433786004781723
939,1668904139433,-0.020562000572681427,-0.008034000173211098,0.43379199504852295
940,1668904139438,-0.020562000572681427,-0.008034000173211098,0.43379199504852295
941,1668904139449,-0.02055099979043007,-0.008055999875068665,0.43379199504852295
942,1668904139455,-0.020542999729514122,-0.008073999546468258,0.43379300832748413
943,1668904139464,-0.02054000087082386,-0.008078999817371368,0.43379300832748413
944,1668904139470,-0.02054000087082386,-0.008078999817371368,0.43379300832748413
945,1668904139477,-0.02053700014948845,-0.008076000027358532,0.43379899859428406
946,1668904139484,-0.02053700014948845,-0.008076000027358532,0.4338040053844452
947,1668904139489,-0.02053700014948845,-0.008076000027358532,0.4338040053844452
948,1668904139503,-0.02052599936723709,-0.008082999847829342,0.4338040053844452
949,1668904139511,-0.02052300050854683,-0.008097999729216099,0.4338040053844452
950,1668904139517,-0.02051899954676628,-0.008104000240564346,0.4338040053844452
951,1668904139523,-0.020503999665379524,-0.008132999762892723,0.433804988861084
952,1668904139530,-0.020503999665379524,-0.008132999762892723,0.433804988861084
953,1668904139536,-0.020490000024437904,-0.0081599997356534,0.433804988861084
954,1668904139550,-0.02047800086438656,-0.008186999708414078,0.43380600214004517
955,1668904139556,-0.02047399990260601,-0.008206999860703945,0.43380600214004517
956,1668904139566,-0.020469000563025475,-0.008217999711632729,0.4338119924068451
957,1668904139573,-0.020468000322580338,-0.008232000283896923,0.4338119924068451
958,1668904139580,-0.020468000322580338,-0.008232000283896923,0.4338119924068451
959,1668904139588,-0.02046399936079979,-0.008243000134825706,0.4338119924068451
960,1668904139600,-0.0204670000821352,-0.0082609998062253,0.4338119924068451
961,1668904139608,-0.0204670000821352,-0.0082609998062253,0.4338119924068451
962,1668904139616,-0.020461000502109528,-0.00827100034803152,0.4338180124759674
963,1668904139621,-0.020461000502109528,-0.00827100034803152,0.4338180124759674
964,1668904139629,-0.020454000681638718,-0.008279000408947468,0.4338180124759674
965,1668904139637,-0.02043999917805195,-0.008294999599456787,0.4338189959526062
966,1668904139650,-0.020424000918865204,-0.008302999660372734,0.4338189959526062
967,1668904139662,-0.020401999354362488,-0.008303999900817871,0.4338200092315674
968,1668904139669,-0.020388999953866005,-0.008310000412166119,0.4338200092315674
969,1668904139676,-0.020370999351143837,-0.008321000263094902,0.4338209927082062
970,1668904139683,-0.020370999351143837,-0.008321000263094902,0.4338209927082062
971,1668904139689,-0.02037299983203411,-0.008315999992191792,0.4338209927082062
972,1668904139700,-0.0203699991106987,-0.008301000110805035,0.4338209927082062
973,1668904139708,-0.02037299983203411,-0.00827999971807003,0.4338209927082062
974,1668904139716,-0.020369000732898712,-0.008274000138044357,0.4338209927082062
975,1668904139721,-0.020369000732898712,-0.008274000138044357,0.4338209927082062
976,1668904139728,-0.020371999591588974,-0.008263000287115574,0.4338209927082062
977,1668904139735,-0.020367000252008438,-0.00824700016528368,0.4338209927082062
978,1668904139751,-0.020367000252008438,-0.00824700016528368,0.4338209927082062
979,1668904139761,-0.0203699991106987,-0.00824000034481287,0.4338279962539673
980,1668904139769,-0.02037299983203411,-0.008240999653935432,0.4338279962539673
981,1668904139775,-0.020393000915646553,-0.008243000134825706,0.4338339865207672
982,1668904139781,-0.020393000915646553,-0.008243000134825706,0.4338339865207672
983,1668904139795,-0.020419999957084656,-0.008236999623477459,0.4338400065898895
984,1668904139804,-0.02042900025844574,-0.008231000043451786,0.4338400065898895
985,1668904139813,-0.020431000739336014,-0.00822800025343895,0.43384501338005066
986,1668904139820,-0.020434999838471413,-0.008213000372052193,0.43384501338005066
987,1668904139828,-0.020437000319361687,-0.008208000101149082,0.43384501338005066
988,1668904139837,-0.020441999658942223,-0.008197000250220299,0.4338499903678894
989,1668904139855,-0.020433999598026276,-0.008194000460207462,0.4338510036468506
990,1668904139862,-0.020433999598026276,-0.008194000460207462,0.4338510036468506
991,1668904139869,-0.020424000918865204,-0.008187999948859215,0.4338560104370117
992,1668904139878,-0.020423000678420067,-0.008174000307917595,0.4338560104370117
993,1668904139887,-0.020423000678420067,-0.008174000307917595,0.43386098742485046
994,1668904139903,-0.02042900025844574,-0.008163000456988811,0.43386000394821167
995,1668904139912,-0.020419999957084656,-0.008154000155627728,0.43386000394821167
996,1668904139919,-0.020397000014781952,-0.00813200045377016,0.43386098742485046
997,1668904139926,-0.0203660000115633,-0.008094999939203262,0.43386098742485046
998,1668904139932,-0.0203660000115633,-0.008094999939203262,0.43386098742485046
999,1668904139939,-0.020329000428318977,-0.008077999576926231,0.43386098742485046
1000,1668904139956,-0.02027300000190735,-0.008069000206887722,0.43386000394821167
1001,1668904139964,-0.02027300000190735,-0.008069000206887722,0.43386000394821167
1002,1668904139971,-0.020246999338269234,-0.008080000057816505,0.43386000394821167
1003,1668904139978,-0.02023399993777275,-0.008082999847829342,0.4338659942150116
1004,1668904139983,-0.02023399993777275,-0.008082999847829342,0.4338659942150116
1005,1668904139990,-0.02022399939596653,-0.008085999637842178,0.4338659942150116
1006,1668904140010,-0.02022700011730194,-0.008080000057816505,0.4338720142841339
1007,1668904140017,-0.020241999998688698,-0.008047999814152718,0.43387100100517273
1008,1668904140023,-0.020241999998688698,-0.008047999814152718,0.43387100100517273
1009,1668904140037,-0.020256999880075455,-0.0079950001090765,0.43386998772621155
1010,1668904140045,-0.020256999880075455,-0.0079950001090765,0.43386998772621155
1011,1668904140051,-0.020251000300049782,-0.007970999926328659,0.43386998772621155
1012,1668904140059,-0.02024799957871437,-0.00795700028538704,0.43386998772621155
1013,1668904140071,-0.020230000838637352,-0.007949000224471092,0.43386998772621155
1014,1668904140080,-0.02019999921321869,-0.00795700028538704,0.43387100100517273
1015,1668904140086,-0.02019999921321869,-0.00795700028538704,0.43387100100517273
1016,1668904140101,-0.020191999152302742,-0.007943999953567982,0.43386998772621155
1017,1668904140105,-0.02018900029361248,-0.007927999831736088,0.43386998772621155
1018,1668904140114,-0.020183000713586807,-0.007918000221252441,0.43386998772621155
1019,1668904140121,-0.02017199993133545,-0.007906000129878521,0.43387699127197266
1020,1668904140128,-0.02017199993133545,-0.007906000129878521,0.43387699127197266
1021,1668904140137,-0.020166000351309776,-0.007910000160336494,0.43387699127197266
1022,1668904140151,-0.020159000530838966,-0.007923999801278114,0.433881014585495
1023,1668904140156,-0.020159000530838966,-0.007923999801278114,0.433881014585495
1024,1668904140164,-0.020161999389529228,-0.007934000343084335,0.433881014585495
1025,1668904140171,-0.02016099914908409,-0.007942000404000282,0.433881014585495
1026,1668904140177,-0.020170999690890312,-0.007953000254929066,0.4338800013065338
1027,1668904140183,-0.020170999690890312,-0.007953000254929066,0.4338800013065338
