GYRO,[id],[Time],[X],[Y]
0,1668904120369,0.40194934606552124,0.2223549485206604,-0.13439035415649414
1,1668904120384,0.4288274049758911,0.32131510972976685,-0.12461651116609573
2,1668904120400,0.5400048494338989,0.485027015209198,-0.09040805697441101
3,1668904120412,0.5949827432632446,0.5766568183898926,-0.059864792972803116
4,1668904120428,0.5644394755363464,0.5155702829360962,-0.03420845419168472
5,1668904120441,0.4288274049758911,0.32620203495025635,-0.013439035043120384
6,1668904120451,0.27977627515792847,0.13805554807186127,0.0
7,1668904120469,0.21135938167572021,0.02321287989616394,-0.0354301854968071
8,1668904120482,0.15882496535778046,0.00733038317412138,-0.03176499158143997
9,1668904120502,-0.07452555745840073,-0.059864792972803116,0.004886921960860491
10,1668904120520,0.018325956538319588,0.0659734457731247,-0.018325956538319588
11,1668904120528,0.26022860407829285,0.11972958594560623,-0.036651913076639175
12,1668904120548,0.16737708449363708,0.16982053220272064,-0.0024434609804302454
13,1668904120568,0.018325956538319588,-0.12339477986097336,0.039095375686883926
14,1668904120642,-0.1966986060142517,-0.5021312236785889,0.20891591906547546
15,1668904120774,-0.30054569244384766,-0.05497787147760391,0.04398229718208313
16,1668904120807,-0.30054569244384766,-0.05497787147760391,0.04398229718208313
17,1668904123851,-0.0012217304902151227,0.12095131725072861,0.039095375686883926
18,1668904123863,-0.0012217304902151227,0.12095131725072861,0.039095375686883926
19,1668904123873,-0.0012217304902151227,0.12095131725072861,0.039095375686883926
20,1668904123922,-0.0012217304902151227,0.12095131725072861,0.039095375686883926
21,1668904124538,-0.042760565876960754,0.09040805697441101,-0.021991148591041565
22,1668904124546,-0.042760565876960754,0.09040805697441101,-0.021991148591041565
23,1668904124563,-0.042760565876960754,0.09040805697441101,-0.021991148591041565
24,1668904124586,-0.2174680233001709,0.13316862285137177,0.042760565876960754
25,1668904124766,0.15271630883216858,-0.025656340643763542,-0.20402899384498596
26,1668904124825,0.15271630883216858,-0.025656340643763542,-0.20402899384498596
27,1668904124836,0.15271630883216858,-0.025656340643763542,-0.20402899384498596
28,1668904124908,0.15271630883216858,-0.025656340643763542,-0.20402899384498596
29,1668904124868,0.15271630883216858,-0.025656340643763542,-0.20402899384498596
30,1668904124952,0.15271630883216858,-0.025656340643763542,-0.20402899384498596
31,1668904124957,0.15271630883216858,-0.025656340643763542,-0.20402899384498596
32,1668904124944,0.15271630883216858,-0.025656340643763542,-0.20402899384498596
33,1668904124978,-0.3982841372489929,0.17837265133857727,0.021991148591041565
34,1668904125009,0.10873401165008545,0.18081611394882202,0.5290092825889587
35,1668904125041,0.10873401165008545,0.18081611394882202,0.5290092825889587
36,1668904125054,0.10873401165008545,0.18081611394882202,0.5290092825889587
37,1668904125077,0.10873401165008545,0.18081611394882202,0.5290092825889587
38,1668904125122,0.10873401165008545,0.18081611394882202,0.5290092825889587
39,1668904125157,-0.1966986060142517,0.08429940044879913,0.27611109614372253
40,1668904125181,-0.021991148591041565,0.1014036312699318,0.1563815027475357
41,1668904125216,0.04642575979232788,0.20036379992961884,0.06352998316287994
42,1668904125227,0.051312681287527084,0.17348572611808777,0.0708603709936142
43,1668904125242,0.006108652334660292,0.15882496535778046,0.07330382615327835
44,1668904125258,-0.05619960278272629,0.16737708449363708,0.10018189996480942
45,1668904125292,-0.024434609338641167,0.06841690838336945,0.08918632566928864
46,1668904125335,0.04642575979232788,-0.14049901068210602,0.22846360504627228
47,1668904125335,0.04642575979232788,-0.14049901068210602,0.22846360504627228
48,1668904125408,0.02321287989616394,-0.28955012559890747,0.4105014503002167
49,1668904125426,0.07452555745840073,-0.27000242471694946,0.4996877610683441
50,1668904125444,-0.030543262138962746,-0.23579397797584534,0.49724429845809937
51,1668904125475,0.05375614017248154,-0.16737708449363708,0.28588494658470154
52,1668904125488,0.1258382350206375,-0.16004669666290283,0.19425514340400696
53,1668904125509,0.27977627515792847,-0.2577851414680481,-0.013439035043120384
54,1668904125530,0.40683624148368835,-0.15271630883216858,-0.09162978827953339
55,1668904125557,0.32986724376678467,-0.2064724564552307,0.019547687843441963
56,1668904125567,0.1661553531885147,-0.24068090319633484,0.08429940044879913
57,1668904125582,0.019547687843441963,-0.27122417092323303,0.1466076523065567
58,1668904125611,-0.039095375686883926,-0.19914206862449646,0.19425514340400696
59,1668904125628,-0.036651913076639175,-0.06963863968849182,0.10018189996480942
60,1668904125644,0.07208210229873657,-0.09407325088977814,-0.03176499158143997
61,1668904125767,0.08674286305904388,0.03298672288656235,-0.13316862285137177
62,1668904125790,-0.1319468915462494,-0.0012217304902151227,-0.13805554807186127
63,1668904125801,-0.16371189057826996,0.08674286305904388,-0.14905111491680145
64,1668904125811,-0.11239920556545258,0.17104226350784302,-0.19425514340400696
65,1668904125830,0.06841690838336945,0.2028072625398636,-0.3139847218990326
66,1668904125845,0.02076941914856434,0.15760323405265808,-0.4153883755207062
67,1668904125861,0.02076941914856434,0.16982053220272064,-0.4092797040939331
68,1668904125872,0.04153883829712868,0.18936823308467865,-0.39217549562454224
69,1668904125891,0.06352998316287994,0.20891591906547546,-0.3384193480014801
70,1668904125900,0.10751228034496307,0.1111774742603302,-0.3274237811565399
71,1668904125913,0.09407325088977814,0.05375614017248154,-0.3127630054950714
72,1668904125926,0.04886921867728233,0.20525072515010834,-0.32131510972976685
73,1668904125940,0.13805554807186127,0.2272418737411499,-0.33719760179519653
74,1668904125950,0.24434609711170197,0.19425514340400696,-0.3274237811565399
75,1668904125961,0.28588494658470154,0.16859880089759827,-0.2638937830924988
76,1668904125973,0.22602014243602753,0.12339477986097336,-0.14416420459747314
77,1668904125984,-0.02076941914856434,0.02076941914856434,0.1160643994808197
78,1668904125997,-0.12950342893600464,-0.0708603709936142,0.20891591906547546
79,1668904126013,-0.19792033731937408,-0.09407325088977814,0.3090978264808655
80,1668904126026,-0.22113321721553802,-0.08185594528913498,0.35063666105270386
81,1668904126036,-0.2382374405860901,-0.07941248267889023,0.3897320330142975
82,1668904126052,-0.2565633952617645,-0.19058994948863983,0.4508185386657715
83,1668904126064,-0.17592918872833252,-0.11484266817569733,0.46303585171699524
84,1668904126076,0.01710422709584236,-0.051312681287527084,0.3982841372489929
85,1668904126085,0.2321287989616394,-0.11362093687057495,0.2773328125476837
86,1668904126103,0.3995058834552765,-0.3029891550540924,0.0708603709936142
87,1668904126116,0.3701843321323395,-0.3127630054950714,0.0403171069920063
88,1668904126130,0.32498031854629517,-0.32131510972976685,0.06352998316287994
89,1668904126142,0.2724458873271942,-0.3481931984424591,0.09896016865968704
90,1668904126154,0.23945917189121246,-0.3323107063770294,0.12828169763088226
91,1668904126174,0.5009095072746277,-0.24678955972194672,0.04886921867728233
92,1668904126179,0.5009095072746277,-0.24678955972194672,0.04886921867728233
93,1668904126192,0.7073819637298584,-0.3396410644054413,-0.07452555745840073
94,1668904126210,0.5412266254425049,-0.455705463886261,-0.06841690838336945
95,1668904126224,0.4593706727027893,-0.41661009192466736,-0.0403171069920063
96,1668904126240,0.48258355259895325,-0.3176499307155609,-0.16004669666290283
97,1668904126250,0.6841690540313721,-0.294437050819397,-0.28955012559890747
98,1668904126262,0.8735373020172119,-0.3176499307155609,-0.37629300355911255
99,1668904126273,0.8784242272377014,-0.32131510972976685,-0.41661009192466736
100,1668904126285,0.7965682744979858,-0.22968533635139465,-0.4129449129104614
101,1668904126298,0.7122688889503479,-0.09529497474431992,-0.38117989897727966
102,1668904126313,0.6059783101081848,-0.01466076634824276,-0.3066543638706207
103,1668904126336,0.720820963382721,-0.1771509200334549,-0.3066543638706207
104,1668904126349,0.5094616413116455,-0.46670106053352356,-0.2541199326515198
105,1668904126360,0.3591887652873993,-0.46547931432724,-0.2577851414680481
106,1668904126370,0.27122417092323303,-0.44104471802711487,-0.251676470041275
107,1668904126380,0.23090706765651703,-0.44593164324760437,-0.2528982162475586
108,1668904126391,0.21013765037059784,-0.37262779474258423,-0.26511552929878235
109,1668904126401,0.20402899384498596,-0.17104226350784302,-0.27122417092323303
110,1668904126413,0.21013765037059784,-0.00366519158706069,-0.2822197377681732
111,1668904126423,0.20036379992961884,-0.013439035043120384,-0.26022860407829285
112,1668904126434,0.1869247704744339,-0.07452555745840073,-0.21991148591041565
113,1668904126443,0.16982053220272064,-0.1111774742603302,-0.19425514340400696
114,1668904126454,0.1466076523065567,-0.12461651116609573,-0.14294247329235077
115,1668904126461,0.0757472887635231,-0.16004669666290283,-0.12950342893600464
116,1668904126473,0.004886921960860491,-0.22357667982578278,-0.16249015927314758
117,1668904126482,0.012217304669320583,-0.2028072625398636,-0.18325957655906677
118,1668904126494,0.10384709388017654,-0.12828169763088226,-0.2541199326515198
119,1668904126505,0.2028072625398636,-0.09285151958465576,-0.33475416898727417
120,1668904126514,0.25534167885780334,-0.024434609338641167,-0.3640756905078888
121,1668904126522,0.26633724570274353,0.0659734457731247,-0.3591887652873993
122,1668904126531,0.27977627515792847,0.09896016865968704,-0.31031954288482666
123,1668904126539,0.27977627515792847,0.09896016865968704,-0.31031954288482666
124,1668904126547,0.20036379992961884,-0.0806342139840126,-0.13805554807186127
125,1668904126556,0.20036379992961884,-0.0806342139840126,-0.13805554807186127
126,1668904126566,0.01710422709584236,-0.1563815027475357,-0.07696902006864548
127,1668904126575,-0.08674286305904388,-0.11850785464048386,-0.028099801391363144
128,1668904126583,-0.0659734457731247,-0.06841690838336945,0.006108652334660292
129,1668904126595,0.02321287989616394,-0.0757472887635231,0.02076941914856434
130,1668904126602,0.10018189996480942,-0.10995574295520782,-0.009773843921720982
131,1668904126611,0.22479841113090515,-0.18081611394882202,-0.08429940044879913
132,1668904126630,1.2400563955307007,0.15271630883216858,-0.22846360504627228
133,1668904126638,1.2400563955307007,0.15271630883216858,-0.22846360504627228
134,1668904126710,0.988379955291748,0.375071257352829,-0.1771509200334549
135,1668904126725,0.988379955291748,0.375071257352829,-0.1771509200334549
136,1668904126759,0.988379955291748,0.375071257352829,-0.1771509200334549
137,1668904126833,-0.1918116807937622,0.17470745742321014,0.15882496535778046
138,1668904126865,-0.1918116807937622,0.17470745742321014,0.15882496535778046
139,1668904126896,-0.1918116807937622,0.17470745742321014,0.15882496535778046
140,1668904126915,-0.1918116807937622,0.17470745742321014,0.15882496535778046
141,1668904126965,-0.1918116807937622,0.17470745742321014,0.15882496535778046
142,1668904126976,-0.1918116807937622,0.17470745742321014,0.15882496535778046
143,1668904126996,-0.11484266817569733,-0.03420845419168472,0.2528982162475586
144,1668904127028,-0.11484266817569733,-0.03420845419168472,0.2528982162475586
145,1668904128070,2.3799309730529785,-4.078136444091797,-2.981022357940674
146,1668904128081,2.3799309730529785,-4.078136444091797,-2.981022357940674
147,1668904128106,2.3799309730529785,-4.078136444091797,-2.981022357940674
148,1668904128138,2.3799309730529785,-4.078136444091797,-2.981022357940674
149,1668904128161,2.3799309730529785,-4.078136444091797,-2.981022357940674
150,1668904128120,2.3799309730529785,-4.078136444091797,-2.981022357940674
151,1668904128155,2.3799309730529785,-4.078136444091797,-2.981022357940674
152,1668904128182,2.3799309730529785,-4.078136444091797,-2.981022357940674
153,1668904128229,-1.1704177856445312,-0.7929030656814575,0.8307767510414124
154,1668904128330,-1.1704177856445312,-0.7929030656814575,0.8307767510414124
155,1668904128356,-1.1704177856445312,-0.7929030656814575,0.8307767510414124
156,1668904128364,-1.1704177856445312,-0.7929030656814575,0.8307767510414124
157,1668904128413,-1.1704177856445312,-0.7929030656814575,0.8307767510414124
158,1668904128407,-1.1704177856445312,-0.7929030656814575,0.8307767510414124
159,1668904128419,-1.1704177856445312,-0.7929030656814575,0.8307767510414124
160,1668904128433,-1.1704177856445312,-0.7929030656814575,0.8307767510414124
161,1668904128462,5.635842800140381,3.3707544803619385,1.0005972385406494
162,1668904128474,5.635842800140381,3.3707544803619385,1.0005972385406494
163,1668904128457,5.635842800140381,3.3707544803619385,1.0005972385406494
164,1668904128500,0.93095862865448,-0.26633724570274353,-0.10873401165008545
165,1668904128515,-0.004886921960860491,-0.05375614017248154,-0.00733038317412138
166,1668904128526,-0.5436700582504272,0.25045475363731384,0.08674286305904388
167,1668904128536,-0.37262779474258423,0.294437050819397,0.05864306539297104
168,1668904128558,0.18814650177955627,-0.13561208546161652,-0.024434609338641167
169,1668904128639,0.18814650177955627,-0.13561208546161652,-0.024434609338641167
170,1668904128650,0.18814650177955627,-0.13561208546161652,-0.024434609338641167
171,1668904128671,0.18814650177955627,-0.13561208546161652,-0.024434609338641167
172,1668904128681,0.18814650177955627,-0.13561208546161652,-0.024434609338641167
173,1668904128693,0.18814650177955627,-0.13561208546161652,-0.024434609338641167
174,1668904128706,0.18814650177955627,-0.13561208546161652,-0.024434609338641167
175,1668904128724,0.18814650177955627,-0.13561208546161652,-0.024434609338641167
176,1668904128729,0.18814650177955627,-0.13561208546161652,-0.024434609338641167
177,1668904128742,0.18814650177955627,-0.13561208546161652,-0.024434609338641167
178,1668904128755,0.18814650177955627,-0.13561208546161652,-0.024434609338641167
179,1668904128774,0.18814650177955627,-0.13561208546161652,-0.024434609338641167
180,1668904128780,0.18814650177955627,-0.13561208546161652,-0.024434609338641167
181,1668904128800,0.18814650177955627,-0.13561208546161652,-0.024434609338641167
182,1668904128807,0.18814650177955627,-0.13561208546161652,-0.024434609338641167
183,1668904128818,0.18814650177955627,-0.13561208546161652,-0.024434609338641167
184,1668904128935,0.18814650177955627,-0.13561208546161652,-0.024434609338641167
185,1668904128949,0.18814650177955627,-0.13561208546161652,-0.024434609338641167
186,1668904128914,0.18814650177955627,-0.13561208546161652,-0.024434609338641167
187,1668904128973,0.18814650177955627,-0.13561208546161652,-0.024434609338641167
188,1668904128987,0.18814650177955627,-0.13561208546161652,-0.024434609338641167
189,1668904128999,0.18814650177955627,-0.13561208546161652,-0.024434609338641167
190,1668904128959,0.18814650177955627,-0.13561208546161652,-0.024434609338641167
191,1668904129070,0.18814650177955627,-0.13561208546161652,-0.024434609338641167
192,1668904129117,0.18814650177955627,-0.13561208546161652,-0.024434609338641167
193,1668904129147,0.18814650177955627,-0.13561208546161652,-0.024434609338641167
194,1668904129134,0.18814650177955627,-0.13561208546161652,-0.024434609338641167
195,1668904129182,0.18814650177955627,-0.13561208546161652,-0.024434609338641167
196,1668904129248,0.18814650177955627,-0.13561208546161652,-0.024434609338641167
197,1668904129236,0.18814650177955627,-0.13561208546161652,-0.024434609338641167
198,1668904129276,0.18814650177955627,-0.13561208546161652,-0.024434609338641167
199,1668904129293,0.18814650177955627,-0.13561208546161652,-0.024434609338641167
200,1668904129318,0.18814650177955627,-0.13561208546161652,-0.024434609338641167
201,1668904129339,0.18814650177955627,-0.13561208546161652,-0.024434609338641167
202,1668904129379,0.18814650177955627,-0.13561208546161652,-0.024434609338641167
203,1668904129375,0.18814650177955627,-0.13561208546161652,-0.024434609338641167
204,1668904129420,0.18814650177955627,-0.13561208546161652,-0.024434609338641167
205,1668904129440,0.18814650177955627,-0.13561208546161652,-0.024434609338641167
206,1668904129450,0.18814650177955627,-0.13561208546161652,-0.024434609338641167
207,1668904129470,0.18814650177955627,-0.13561208546161652,-0.024434609338641167
208,1668904129481,0.18814650177955627,-0.13561208546161652,-0.024434609338641167
209,1668904129496,0.18814650177955627,-0.13561208546161652,-0.024434609338641167
210,1668904129514,0.18814650177955627,-0.13561208546161652,-0.024434609338641167
211,1668904129540,0.18814650177955627,-0.13561208546161652,-0.024434609338641167
212,1668904129531,0.18814650177955627,-0.13561208546161652,-0.024434609338641167
213,1668904129580,0.18814650177955627,-0.13561208546161652,-0.024434609338641167
214,1668904129597,0.18814650177955627,-0.13561208546161652,-0.024434609338641167
215,1668904129612,0.18814650177955627,-0.13561208546161652,-0.024434609338641167
216,1668904129640,0.18814650177955627,-0.13561208546161652,-0.024434609338641167
217,1668904129653,0.18814650177955627,-0.13561208546161652,-0.024434609338641167
218,1668904129671,0.18814650177955627,-0.13561208546161652,-0.024434609338641167
219,1668904129683,0.18814650177955627,-0.13561208546161652,-0.024434609338641167
220,1668904129715,0.18814650177955627,-0.13561208546161652,-0.024434609338641167
221,1668904129764,0.18814650177955627,-0.13561208546161652,-0.024434609338641167
222,1668904129801,0.18814650177955627,-0.13561208546161652,-0.024434609338641167
223,1668904129811,0.18814650177955627,-0.13561208546161652,-0.024434609338641167
224,1668904129832,0.18814650177955627,-0.13561208546161652,-0.024434609338641167
225,1668904129845,0.18814650177955627,-0.13561208546161652,-0.024434609338641167
226,1668904129856,0.18814650177955627,-0.13561208546161652,-0.024434609338641167
227,1668904129874,0.18814650177955627,-0.13561208546161652,-0.024434609338641167
228,1668904129906,0.18814650177955627,-0.13561208546161652,-0.024434609338641167
229,1668904129897,0.18814650177955627,-0.13561208546161652,-0.024434609338641167
230,1668904129926,0.18814650177955627,-0.13561208546161652,-0.024434609338641167
231,1668904129942,0.18814650177955627,-0.13561208546161652,-0.024434609338641167
232,1668904129964,0.18814650177955627,-0.13561208546161652,-0.024434609338641167
233,1668904129973,0.18814650177955627,-0.13561208546161652,-0.024434609338641167
234,1668904129985,0.18814650177955627,-0.13561208546161652,-0.024434609338641167
235,1668904130010,0.18814650177955627,-0.13561208546161652,-0.024434609338641167
236,1668904130025,0.18814650177955627,-0.13561208546161652,-0.024434609338641167
237,1668904130041,0.18814650177955627,-0.13561208546161652,-0.024434609338641167
238,1668904130056,0.18814650177955627,-0.13561208546161652,-0.024434609338641167
239,1668904130094,0.18814650177955627,-0.13561208546161652,-0.024434609338641167
240,1668904130083,0.18814650177955627,-0.13561208546161652,-0.024434609338641167
241,1668904130112,0.18814650177955627,-0.13561208546161652,-0.024434609338641167
242,1668904130125,0.18814650177955627,-0.13561208546161652,-0.024434609338641167
243,1668904130142,0.18814650177955627,-0.13561208546161652,-0.024434609338641167
244,1668904130175,0.18814650177955627,-0.13561208546161652,-0.024434609338641167
245,1668904130181,0.18814650177955627,-0.13561208546161652,-0.024434609338641167
246,1668904130201,0.18814650177955627,-0.13561208546161652,-0.024434609338641167
247,1668904130219,0.18814650177955627,-0.13561208546161652,-0.024434609338641167
248,1668904130238,0.18814650177955627,-0.13561208546161652,-0.024434609338641167
249,1668904130305,0.18814650177955627,-0.13561208546161652,-0.024434609338641167
250,1668904130325,0.18814650177955627,-0.13561208546161652,-0.024434609338641167
251,1668904130325,0.18814650177955627,-0.13561208546161652,-0.024434609338641167
252,1668904130345,0.18814650177955627,-0.13561208546161652,-0.024434609338641167
253,1668904130358,0.18814650177955627,-0.13561208546161652,-0.024434609338641167
254,1668904130386,0.18814650177955627,-0.13561208546161652,-0.024434609338641167
255,1668904130405,0.18814650177955627,-0.13561208546161652,-0.024434609338641167
256,1668904130420,0.18814650177955627,-0.13561208546161652,-0.024434609338641167
257,1668904130436,0.18814650177955627,-0.13561208546161652,-0.024434609338641167
258,1668904130376,0.18814650177955627,-0.13561208546161652,-0.024434609338641167
259,1668904130451,0.18814650177955627,-0.13561208546161652,-0.024434609338641167
260,1668904130480,0.18814650177955627,-0.13561208546161652,-0.024434609338641167
261,1668904130496,0.18814650177955627,-0.13561208546161652,-0.024434609338641167
262,1668904130509,0.18814650177955627,-0.13561208546161652,-0.024434609338641167
263,1668904130524,0.18814650177955627,-0.13561208546161652,-0.024434609338641167
264,1668904130538,0.18814650177955627,-0.13561208546161652,-0.024434609338641167
265,1668904130552,0.18814650177955627,-0.13561208546161652,-0.024434609338641167
266,1668904130566,0.18814650177955627,-0.13561208546161652,-0.024434609338641167
267,1668904130580,0.18814650177955627,-0.13561208546161652,-0.024434609338641167
268,1668904130607,0.18814650177955627,-0.13561208546161652,-0.024434609338641167
269,1668904130637,0.18814650177955627,-0.13561208546161652,-0.024434609338641167
270,1668904130653,0.18814650177955627,-0.13561208546161652,-0.024434609338641167
271,1668904130664,0.18814650177955627,-0.13561208546161652,-0.024434609338641167
272,1668904130683,0.18814650177955627,-0.13561208546161652,-0.024434609338641167
273,1668904130710,0.18814650177955627,-0.13561208546161652,-0.024434609338641167
274,1668904130700,0.18814650177955627,-0.13561208546161652,-0.024434609338641167
275,1668904130747,0.18814650177955627,-0.13561208546161652,-0.024434609338641167
276,1668904130738,0.18814650177955627,-0.13561208546161652,-0.024434609338641167
277,1668904130760,0.18814650177955627,-0.13561208546161652,-0.024434609338641167
278,1668904130779,0.18814650177955627,-0.13561208546161652,-0.024434609338641167
279,1668904130791,0.18814650177955627,-0.13561208546161652,-0.024434609338641167
280,1668904130805,0.18814650177955627,-0.13561208546161652,-0.024434609338641167
281,1668904130821,0.18814650177955627,-0.13561208546161652,-0.024434609338641167
282,1668904130838,0.18814650177955627,-0.13561208546161652,-0.024434609338641167
283,1668904130855,0.18814650177955627,-0.13561208546161652,-0.024434609338641167
284,1668904130880,0.18814650177955627,-0.13561208546161652,-0.024434609338641167
285,1668904130882,0.18814650177955627,-0.13561208546161652,-0.024434609338641167
286,1668904130907,0.18814650177955627,-0.13561208546161652,-0.024434609338641167
287,1668904130961,0.18814650177955627,-0.13561208546161652,-0.024434609338641167
288,1668904130979,0.18814650177955627,-0.13561208546161652,-0.024434609338641167
289,1668904130985,0.18814650177955627,-0.13561208546161652,-0.024434609338641167
290,1668904130997,0.18814650177955627,-0.13561208546161652,-0.024434609338641167
291,1668904131013,0.18814650177955627,-0.13561208546161652,-0.024434609338641167
292,1668904131034,0.18814650177955627,-0.13561208546161652,-0.024434609338641167
293,1668904131052,0.18814650177955627,-0.13561208546161652,-0.024434609338641167
294,1668904131063,0.18814650177955627,-0.13561208546161652,-0.024434609338641167
295,1668904131076,0.18814650177955627,-0.13561208546161652,-0.024434609338641167
296,1668904131102,0.18814650177955627,-0.13561208546161652,-0.024434609338641167
297,1668904131098,0.18814650177955627,-0.13561208546161652,-0.024434609338641167
298,1668904131117,0.18814650177955627,-0.13561208546161652,-0.024434609338641167
299,1668904131137,0.18814650177955627,-0.13561208546161652,-0.024434609338641167
300,1668904131156,0.18814650177955627,-0.13561208546161652,-0.024434609338641167
301,1668904131158,0.18814650177955627,-0.13561208546161652,-0.024434609338641167
302,1668904131168,0.18814650177955627,-0.13561208546161652,-0.024434609338641167
303,1668904131180,0.18814650177955627,-0.13561208546161652,-0.024434609338641167
304,1668904131188,0.18814650177955627,-0.13561208546161652,-0.024434609338641167
305,1668904131206,0.18814650177955627,-0.13561208546161652,-0.024434609338641167
306,1668904131251,0.18814650177955627,-0.13561208546161652,-0.024434609338641167
307,1668904131260,0.18814650177955627,-0.13561208546161652,-0.024434609338641167
308,1668904131289,0.004886921960860491,0.009773843921720982,0.004886921960860491
309,1668904131320,0.0012217304902151227,0.004886921960860491,0.004886921960860491
310,1668904131327,0.0012217304902151227,0.004886921960860491,0.004886921960860491
311,1668904131339,0.0012217304902151227,0.004886921960860491,0.004886921960860491
312,1668904131353,0.0012217304902151227,0.004886921960860491,0.004886921960860491
313,1668904131368,0.0012217304902151227,0.004886921960860491,0.004886921960860491
314,1668904131391,0.0012217304902151227,0.004886921960860491,0.004886921960860491
315,1668904131421,0.0012217304902151227,0.004886921960860491,0.004886921960860491
316,1668904131470,0.0012217304902151227,0.004886921960860491,0.004886921960860491
317,1668904131465,0.0012217304902151227,0.004886921960860491,0.004886921960860491
318,1668904131515,0.0012217304902151227,0.004886921960860491,0.004886921960860491
319,1668904131552,0.0024434609804302454,0.004886921960860491,0.004886921960860491
320,1668904131574,0.0012217304902151227,0.00366519158706069,0.004886921960860491
321,1668904131593,0.0012217304902151227,0.00366519158706069,0.004886921960860491
322,1668904131606,0.0012217304902151227,0.0024434609804302454,0.004886921960860491
323,1668904131686,0.0012217304902151227,0.0024434609804302454,0.006108652334660292
324,1668904131674,0.0012217304902151227,0.0024434609804302454,0.006108652334660292
325,1668904131705,0.0012217304902151227,0.0024434609804302454,0.006108652334660292
326,1668904131723,0.0012217304902151227,0.0012217304902151227,0.004886921960860491
327,1668904131740,0.0024434609804302454,0.0012217304902151227,0.004886921960860491
328,1668904131745,0.0024434609804302454,0.0012217304902151227,0.004886921960860491
329,1668904131759,0.0012217304902151227,0.00366519158706069,0.006108652334660292
330,1668904131772,-0.0012217304902151227,0.0,0.004886921960860491
331,1668904131786,-0.006108652334660292,0.0012217304902151227,0.006108652334660292
332,1668904131802,0.0012217304902151227,0.0024434609804302454,0.004886921960860491
333,1668904131810,-0.0012217304902151227,0.0024434609804302454,0.004886921960860491
334,1668904131820,0.0,0.0012217304902151227,0.006108652334660292
335,1668904131827,0.0,0.0012217304902151227,0.006108652334660292
336,1668904131840,0.0012217304902151227,0.0024434609804302454,0.006108652334660292
337,1668904131854,0.0012217304902151227,0.0024434609804302454,0.004886921960860491
338,1668904131861,0.0024434609804302454,0.00366519158706069,0.004886921960860491
339,1668904131874,0.0012217304902151227,0.0012217304902151227,0.004886921960860491
340,1668904131888,0.0012217304902151227,0.0012217304902151227,0.004886921960860491
341,1668904131903,0.0012217304902151227,0.0024434609804302454,0.004886921960860491
342,1668904131920,0.0,0.0024434609804302454,0.006108652334660292
343,1668904131926,0.0,0.0024434609804302454,0.006108652334660292
344,1668904131940,0.0012217304902151227,0.0012217304902151227,0.004886921960860491
345,1668904131954,0.0012217304902151227,0.0024434609804302454,0.004886921960860491
346,1668904131972,0.0024434609804302454,0.00366519158706069,0.004886921960860491
347,1668904131985,0.0012217304902151227,0.00366519158706069,0.00366519158706069
348,1668904131993,0.0024434609804302454,0.00366519158706069,0.004886921960860491
349,1668904132007,0.0024434609804302454,0.0024434609804302454,0.004886921960860491
350,1668904132061,0.0024434609804302454,0.00366519158706069,0.004886921960860491
351,1668904132061,0.0024434609804302454,0.00366519158706069,0.004886921960860491
352,1668904132077,0.0024434609804302454,0.00366519158706069,0.004886921960860491
353,1668904132094,0.0012217304902151227,0.00366519158706069,0.004886921960860491
354,1668904132104,0.0012217304902151227,0.004886921960860491,0.004886921960860491
355,1668904132109,0.0012217304902151227,0.004886921960860491,0.004886921960860491
356,1668904132117,0.0012217304902151227,0.0024434609804302454,0.004886921960860491
357,1668904132126,0.0012217304902151227,0.00366519158706069,0.004886921960860491
358,1668904132134,0.0024434609804302454,0.0012217304902151227,0.004886921960860491
359,1668904132145,0.0024434609804302454,0.0024434609804302454,0.004886921960860491
360,1668904132153,0.0024434609804302454,0.00366519158706069,0.004886921960860491
361,1668904132159,0.0024434609804302454,0.00366519158706069,0.004886921960860491
362,1668904132170,0.0024434609804302454,0.0024434609804302454,0.004886921960860491
363,1668904132176,0.0024434609804302454,0.004886921960860491,0.006108652334660292
364,1668904132186,0.0024434609804302454,0.004886921960860491,0.006108652334660292
365,1668904132193,0.0012217304902151227,0.0012217304902151227,0.006108652334660292
366,1668904132201,0.0012217304902151227,0.0012217304902151227,0.006108652334660292
367,1668904132228,0.0024434609804302454,0.004886921960860491,0.006108652334660292
368,1668904132251,0.0024434609804302454,0.0024434609804302454,0.006108652334660292
369,1668904132266,0.0024434609804302454,0.004886921960860491,0.004886921960860491
370,1668904132288,0.0024434609804302454,0.0012217304902151227,0.004886921960860491
371,1668904132296,0.0024434609804302454,0.0012217304902151227,0.004886921960860491
372,1668904132307,0.0012217304902151227,0.004886921960860491,0.004886921960860491
373,1668904132318,0.0012217304902151227,0.0012217304902151227,0.006108652334660292
374,1668904132327,0.0024434609804302454,0.0024434609804302454,0.006108652334660292
375,1668904132336,0.0012217304902151227,0.004886921960860491,0.006108652334660292
376,1668904132345,0.0012217304902151227,0.0024434609804302454,0.006108652334660292
377,1668904132354,0.0024434609804302454,0.00366519158706069,0.004886921960860491
378,1668904132363,0.0024434609804302454,0.004886921960860491,0.00366519158706069
379,1668904132372,0.0024434609804302454,0.0024434609804302454,0.00366519158706069
380,1668904132382,0.0024434609804302454,0.00366519158706069,0.006108652334660292
381,1668904132390,0.0024434609804302454,0.00366519158706069,0.006108652334660292
382,1668904132400,0.0024434609804302454,0.00366519158706069,0.004886921960860491
383,1668904132414,0.0012217304902151227,0.00366519158706069,0.004886921960860491
384,1668904132423,0.0012217304902151227,0.0024434609804302454,0.004886921960860491
385,1668904132433,0.0024434609804302454,0.00366519158706069,0.004886921960860491
386,1668904132441,0.0024434609804302454,0.00366519158706069,0.004886921960860491
387,1668904132448,0.0024434609804302454,0.0024434609804302454,0.004886921960860491
388,1668904132456,0.00366519158706069,0.0024434609804302454,0.004886921960860491
389,1668904132465,0.0024434609804302454,0.00366519158706069,0.004886921960860491
390,1668904132475,0.0024434609804302454,0.006108652334660292,0.004886921960860491
391,1668904132484,0.0024434609804302454,0.0024434609804302454,0.004886921960860491
392,1668904132493,0.0024434609804302454,0.0024434609804302454,0.006108652334660292
393,1668904132500,0.0024434609804302454,0.0024434609804302454,0.006108652334660292
394,1668904132509,0.0024434609804302454,0.00366519158706069,0.004886921960860491
395,1668904132519,0.0024434609804302454,0.00366519158706069,0.004886921960860491
396,1668904132528,0.0024434609804302454,0.0012217304902151227,0.006108652334660292
397,1668904132538,0.0024434609804302454,0.00366519158706069,0.006108652334660292
398,1668904132546,0.0024434609804302454,0.00366519158706069,0.004886921960860491
399,1668904132557,0.0024434609804302454,0.00366519158706069,0.004886921960860491
400,1668904132565,0.0024434609804302454,0.0024434609804302454,0.004886921960860491
401,1668904132576,0.0024434609804302454,0.0012217304902151227,0.00366519158706069
402,1668904132583,0.0024434609804302454,0.0,0.004886921960860491
403,1668904132590,0.0024434609804302454,0.0,0.004886921960860491
404,1668904132599,0.0024434609804302454,0.0012217304902151227,0.006108652334660292
405,1668904132608,0.0024434609804302454,0.0012217304902151227,0.006108652334660292
406,1668904132616,0.0012217304902151227,0.00366519158706069,0.004886921960860491
407,1668904132624,0.0012217304902151227,0.0024434609804302454,0.006108652334660292
408,1668904132631,0.0012217304902151227,0.0024434609804302454,0.006108652334660292
409,1668904132639,0.0012217304902151227,0.004886921960860491,0.006108652334660292
410,1668904132646,0.0024434609804302454,0.0024434609804302454,0.006108652334660292
411,1668904132653,0.0012217304902151227,0.0024434609804302454,0.006108652334660292
412,1668904132660,0.0012217304902151227,0.0024434609804302454,0.006108652334660292
413,1668904132667,0.0024434609804302454,0.006108652334660292,0.006108652334660292
414,1668904132675,0.0024434609804302454,0.00366519158706069,0.004886921960860491
415,1668904132683,0.0024434609804302454,0.0012217304902151227,0.004886921960860491
416,1668904132689,0.0024434609804302454,0.0012217304902151227,0.004886921960860491
417,1668904132697,0.0012217304902151227,0.004886921960860491,0.004886921960860491
418,1668904132704,0.0024434609804302454,0.0024434609804302454,0.006108652334660292
419,1668904132710,0.0024434609804302454,0.0024434609804302454,0.006108652334660292
420,1668904132720,0.0012217304902151227,0.0024434609804302454,0.006108652334660292
421,1668904132727,0.0024434609804302454,0.0012217304902151227,0.004886921960860491
422,1668904132735,0.0012217304902151227,0.00366519158706069,0.004886921960860491
423,1668904132742,0.0012217304902151227,0.00366519158706069,0.004886921960860491
424,1668904132749,0.0012217304902151227,0.0024434609804302454,0.004886921960860491
425,1668904132758,0.00366519158706069,-0.0012217304902151227,0.004886921960860491
426,1668904132766,0.0024434609804302454,0.0012217304902151227,0.006108652334660292
427,1668904132775,0.0012217304902151227,0.004886921960860491,0.004886921960860491
428,1668904132781,0.0012217304902151227,0.004886921960860491,0.004886921960860491
429,1668904132789,0.0012217304902151227,0.00366519158706069,0.004886921960860491
430,1668904132797,0.0012217304902151227,0.00366519158706069,0.004886921960860491
431,1668904132804,0.0012217304902151227,0.00366519158706069,0.004886921960860491
432,1668904132811,0.0012217304902151227,0.00366519158706069,0.004886921960860491
433,1668904132818,0.0012217304902151227,0.00366519158706069,0.004886921960860491
434,1668904132825,0.0012217304902151227,0.004886921960860491,0.006108652334660292
435,1668904132832,0.0012217304902151227,0.004886921960860491,0.006108652334660292
436,1668904132840,0.00366519158706069,0.006108652334660292,0.004886921960860491
437,1668904132848,0.0024434609804302454,0.0024434609804302454,0.004886921960860491
438,1668904132856,0.0012217304902151227,0.0012217304902151227,0.004886921960860491
439,1668904132862,0.0012217304902151227,0.0012217304902151227,0.004886921960860491
440,1668904132870,0.0012217304902151227,0.0012217304902151227,0.004886921960860491
441,1668904132877,0.0012217304902151227,0.0012217304902151227,0.004886921960860491
442,1668904132885,0.0024434609804302454,0.00366519158706069,0.004886921960860491
443,1668904132891,0.0024434609804302454,0.00366519158706069,0.004886921960860491
444,1668904132899,0.0024434609804302454,0.00366519158706069,0.004886921960860491
445,1668904132908,0.0012217304902151227,0.004886921960860491,0.006108652334660292
446,1668904132917,0.0012217304902151227,0.004886921960860491,0.006108652334660292
447,1668904132925,0.0024434609804302454,0.004886921960860491,0.004886921960860491
448,1668904132932,0.0024434609804302454,0.004886921960860491,0.004886921960860491
449,1668904132940,0.0012217304902151227,0.004886921960860491,0.004886921960860491
450,1668904132949,0.0024434609804302454,0.00366519158706069,0.004886921960860491
451,1668904132957,0.0012217304902151227,0.0,0.004886921960860491
452,1668904132964,0.0012217304902151227,0.0,0.004886921960860491
453,1668904132974,0.0024434609804302454,0.0012217304902151227,0.004886921960860491
454,1668904132986,0.0012217304902151227,0.00366519158706069,0.004886921960860491
455,1668904132996,0.0012217304902151227,0.00366519158706069,0.004886921960860491
456,1668904133003,0.0012217304902151227,0.00366519158706069,0.004886921960860491
457,1668904133010,0.0012217304902151227,0.00366519158706069,0.00366519158706069
458,1668904133018,0.0024434609804302454,0.006108652334660292,0.004886921960860491
459,1668904133024,0.0024434609804302454,0.006108652334660292,0.004886921960860491
460,1668904133032,0.0024434609804302454,0.00366519158706069,0.004886921960860491
461,1668904133039,0.0024434609804302454,0.00366519158706069,0.006108652334660292
462,1668904133046,0.0024434609804302454,0.00366519158706069,0.006108652334660292
463,1668904133053,0.0024434609804302454,0.00366519158706069,0.004886921960860491
464,1668904133060,0.0024434609804302454,0.00366519158706069,0.006108652334660292
465,1668904133066,0.0024434609804302454,0.00366519158706069,0.006108652334660292
466,1668904133073,0.0024434609804302454,0.004886921960860491,0.004886921960860491
467,1668904133081,0.0012217304902151227,0.00366519158706069,0.004886921960860491
468,1668904133091,0.0024434609804302454,0.004886921960860491,0.004886921960860491
469,1668904133100,0.0024434609804302454,0.0024434609804302454,0.004886921960860491
470,1668904133106,0.0024434609804302454,0.00366519158706069,0.004886921960860491
471,1668904133112,0.0024434609804302454,0.00366519158706069,0.004886921960860491
472,1668904133119,0.0024434609804302454,0.0024434609804302454,0.004886921960860491
473,1668904133127,0.0024434609804302454,0.0012217304902151227,0.004886921960860491
474,1668904133133,0.0024434609804302454,0.0012217304902151227,0.004886921960860491
475,1668904133141,0.0024434609804302454,0.00366519158706069,0.004886921960860491
476,1668904133148,0.0024434609804302454,0.00366519158706069,0.004886921960860491
477,1668904133154,0.0024434609804302454,0.00366519158706069,0.004886921960860491
478,1668904133161,0.0024434609804302454,0.00366519158706069,0.006108652334660292
479,1668904133170,0.0012217304902151227,0.0024434609804302454,0.004886921960860491
480,1668904133180,0.0024434609804302454,0.00366519158706069,0.004886921960860491
481,1668904133189,0.0012217304902151227,0.00366519158706069,0.004886921960860491
482,1668904133198,0.0012217304902151227,0.004886921960860491,0.004886921960860491
483,1668904133223,0.0024434609804302454,0.0024434609804302454,0.004886921960860491
484,1668904133235,0.0024434609804302454,0.00366519158706069,0.004886921960860491
485,1668904133243,0.0012217304902151227,0.00366519158706069,0.004886921960860491
486,1668904133251,0.0024434609804302454,0.00366519158706069,0.004886921960860491
487,1668904133259,0.0024434609804302454,0.0012217304902151227,0.004886921960860491
488,1668904133266,0.0024434609804302454,0.00366519158706069,0.004886921960860491
489,1668904133275,0.0024434609804302454,0.00366519158706069,0.004886921960860491
490,1668904133283,0.0024434609804302454,0.0024434609804302454,0.006108652334660292
491,1668904133290,0.0024434609804302454,0.0024434609804302454,0.006108652334660292
492,1668904133296,0.0012217304902151227,0.00366519158706069,0.004886921960860491
493,1668904133303,0.0012217304902151227,0.00366519158706069,0.004886921960860491
494,1668904133309,0.0012217304902151227,0.0024434609804302454,0.004886921960860491
495,1668904133317,0.0012217304902151227,0.0012217304902151227,0.006108652334660292
496,1668904133323,0.0012217304902151227,0.0012217304902151227,0.006108652334660292
497,1668904133330,0.0012217304902151227,0.004886921960860491,0.004886921960860491
498,1668904133336,0.0012217304902151227,0.004886921960860491,0.004886921960860491
499,1668904133344,0.0024434609804302454,0.00366519158706069,0.004886921960860491
500,1668904133351,0.0012217304902151227,0.00366519158706069,0.004886921960860491
501,1668904133360,0.0024434609804302454,0.006108652334660292,0.004886921960860491
502,1668904133369,0.0024434609804302454,0.00366519158706069,0.004886921960860491
503,1668904133376,0.0024434609804302454,0.00366519158706069,0.004886921960860491
504,1668904133385,0.0024434609804302454,0.0024434609804302454,0.004886921960860491
505,1668904133394,0.0024434609804302454,0.00366519158706069,0.004886921960860491
506,1668904133401,0.0024434609804302454,0.00366519158706069,0.004886921960860491
507,1668904133410,0.00366519158706069,0.00366519158706069,0.004886921960860491
508,1668904133420,0.0024434609804302454,0.00366519158706069,0.004886921960860491
509,1668904133427,0.0024434609804302454,0.0024434609804302454,0.004886921960860491
510,1668904133435,0.0024434609804302454,0.0024434609804302454,0.004886921960860491
511,1668904133444,0.0024434609804302454,0.0012217304902151227,0.004886921960860491
512,1668904133451,0.0012217304902151227,0.0012217304902151227,0.004886921960860491
513,1668904133461,0.0024434609804302454,0.00366519158706069,0.006108652334660292
514,1668904133469,0.0024434609804302454,0.00366519158706069,0.004886921960860491
515,1668904133478,0.0024434609804302454,0.0024434609804302454,0.006108652334660292
516,1668904133488,0.0024434609804302454,0.00366519158706069,0.006108652334660292
517,1668904133494,0.0024434609804302454,0.00366519158706069,0.006108652334660292
518,1668904133503,0.0024434609804302454,0.00366519158706069,0.004886921960860491
519,1668904133514,0.0024434609804302454,0.0024434609804302454,0.004886921960860491
520,1668904133525,0.0024434609804302454,0.0024434609804302454,0.004886921960860491
521,1668904133533,0.0012217304902151227,0.0012217304902151227,0.004886921960860491
522,1668904133541,0.0012217304902151227,0.004886921960860491,0.004886921960860491
523,1668904133549,0.0024434609804302454,0.00366519158706069,0.004886921960860491
524,1668904133565,0.0024434609804302454,0.00366519158706069,0.004886921960860491
525,1668904133573,0.0024434609804302454,0.00366519158706069,0.004886921960860491
526,1668904133583,0.0024434609804302454,0.0012217304902151227,0.004886921960860491
527,1668904133589,0.0024434609804302454,0.0012217304902151227,0.004886921960860491
528,1668904133596,0.0024434609804302454,0.0012217304902151227,0.004886921960860491
529,1668904133607,0.0024434609804302454,0.00366519158706069,0.004886921960860491
530,1668904133614,0.0024434609804302454,0.0024434609804302454,0.004886921960860491
531,1668904133622,0.0024434609804302454,0.00366519158706069,0.004886921960860491
532,1668904133632,0.0012217304902151227,0.0024434609804302454,0.004886921960860491
533,1668904133641,0.0024434609804302454,0.00366519158706069,0.004886921960860491
534,1668904133648,0.0024434609804302454,0.00366519158706069,0.004886921960860491
535,1668904133658,0.0024434609804302454,0.004886921960860491,0.004886921960860491
536,1668904133669,0.0024434609804302454,0.00366519158706069,0.006108652334660292
537,1668904133679,0.0024434609804302454,0.004886921960860491,0.004886921960860491
538,1668904133688,0.0024434609804302454,0.0024434609804302454,0.006108652334660292
539,1668904133697,0.0024434609804302454,0.0012217304902151227,0.006108652334660292
540,1668904133706,0.0024434609804302454,0.004886921960860491,0.004886921960860491
541,1668904133716,0.0012217304902151227,0.0024434609804302454,0.004886921960860491
542,1668904133723,0.0024434609804302454,0.00366519158706069,0.006108652334660292
543,1668904133730,0.0024434609804302454,0.00366519158706069,0.006108652334660292
544,1668904133740,0.0024434609804302454,0.0012217304902151227,0.004886921960860491
545,1668904133751,0.0012217304902151227,0.0024434609804302454,0.006108652334660292
546,1668904133759,0.0012217304902151227,0.0024434609804302454,0.006108652334660292
547,1668904133769,0.0024434609804302454,0.0024434609804302454,0.004886921960860491
548,1668904133776,0.0024434609804302454,0.004886921960860491,0.004886921960860491
549,1668904133786,0.0024434609804302454,0.004886921960860491,0.004886921960860491
550,1668904133794,0.0024434609804302454,0.00366519158706069,0.004886921960860491
551,1668904133805,0.0012217304902151227,0.0012217304902151227,0.004886921960860491
552,1668904133813,0.0024434609804302454,0.00366519158706069,0.004886921960860491
553,1668904133820,0.0024434609804302454,0.00366519158706069,0.004886921960860491
554,1668904133827,0.0024434609804302454,0.00366519158706069,0.004886921960860491
555,1668904133837,0.0024434609804302454,0.00366519158706069,0.00366519158706069
556,1668904133848,0.0024434609804302454,0.00366519158706069,0.004886921960860491
557,1668904133865,0.0024434609804302454,0.00366519158706069,0.006108652334660292
558,1668904133878,0.0024434609804302454,0.0024434609804302454,0.006108652334660292
559,1668904133888,0.0024434609804302454,0.0024434609804302454,0.004886921960860491
560,1668904133900,0.0024434609804302454,0.0024434609804302454,0.004886921960860491
561,1668904133909,0.0024434609804302454,0.00366519158706069,0.004886921960860491
562,1668904133924,0.0024434609804302454,0.00366519158706069,0.004886921960860491
563,1668904133935,0.0012217304902151227,0.0012217304902151227,0.004886921960860491
564,1668904133947,0.0012217304902151227,0.00366519158706069,0.006108652334660292
565,1668904133959,0.0024434609804302454,0.0024434609804302454,0.004886921960860491
566,1668904133973,0.0024434609804302454,0.0024434609804302454,0.006108652334660292
567,1668904133986,0.0024434609804302454,0.0024434609804302454,0.004886921960860491
568,1668904133992,0.0024434609804302454,0.0024434609804302454,0.004886921960860491
569,1668904134001,0.0012217304902151227,0.0012217304902151227,0.004886921960860491
570,1668904134010,0.0012217304902151227,0.00366519158706069,0.004886921960860491
571,1668904134021,0.0024434609804302454,0.00366519158706069,0.004886921960860491
572,1668904134030,0.0012217304902151227,0.00366519158706069,0.006108652334660292
573,1668904134045,0.0024434609804302454,0.0012217304902151227,0.004886921960860491
574,1668904134050,0.0024434609804302454,0.0012217304902151227,0.004886921960860491
575,1668904134062,0.0024434609804302454,0.0,0.004886921960860491
576,1668904134069,0.0012217304902151227,0.0024434609804302454,0.004886921960860491
577,1668904134080,0.0024434609804302454,0.0024434609804302454,0.004886921960860491
578,1668904134088,0.0024434609804302454,0.0024434609804302454,0.006108652334660292
579,1668904134096,0.0024434609804302454,0.0012217304902151227,0.006108652334660292
580,1668904134107,0.0024434609804302454,0.0,0.004886921960860491
581,1668904134113,0.0024434609804302454,0.0,0.004886921960860491
582,1668904134126,0.0024434609804302454,0.00366519158706069,0.00366519158706069
583,1668904134135,0.0024434609804302454,0.00366519158706069,0.00366519158706069
584,1668904134146,0.0024434609804302454,0.004886921960860491,0.004886921960860491
585,1668904134154,0.0024434609804302454,0.0012217304902151227,0.004886921960860491
586,1668904134164,0.0024434609804302454,0.0012217304902151227,0.004886921960860491
587,1668904134170,0.0024434609804302454,0.0012217304902151227,0.004886921960860491
588,1668904134178,0.00366519158706069,0.00366519158706069,0.004886921960860491
589,1668904134189,0.00366519158706069,0.00366519158706069,0.006108652334660292
590,1668904134197,0.0024434609804302454,0.00366519158706069,0.006108652334660292
591,1668904134212,0.0024434609804302454,0.004886921960860491,0.004886921960860491
592,1668904134222,0.0024434609804302454,0.004886921960860491,0.004886921960860491
593,1668904134239,0.0024434609804302454,0.006108652334660292,0.004886921960860491
594,1668904134247,0.0012217304902151227,0.004886921960860491,0.004886921960860491
595,1668904134256,0.0024434609804302454,0.004886921960860491,0.004886921960860491
596,1668904134264,0.0024434609804302454,0.0024434609804302454,0.004886921960860491
597,1668904134271,0.0024434609804302454,0.0024434609804302454,0.004886921960860491
598,1668904134278,0.0024434609804302454,0.0012217304902151227,0.004886921960860491
599,1668904134286,0.0024434609804302454,0.0012217304902151227,0.004886921960860491
600,1668904134292,0.0024434609804302454,0.0012217304902151227,0.004886921960860491
601,1668904134299,0.0024434609804302454,0.0,0.006108652334660292
602,1668904134306,0.0012217304902151227,0.0012217304902151227,0.004886921960860491
603,1668904134312,0.0012217304902151227,0.0012217304902151227,0.004886921960860491
604,1668904134320,0.0024434609804302454,0.00366519158706069,0.006108652334660292
605,1668904134327,0.00366519158706069,0.0024434609804302454,0.006108652334660292
606,1668904134336,0.0024434609804302454,0.00366519158706069,0.006108652334660292
607,1668904134341,0.0024434609804302454,0.00366519158706069,0.006108652334660292
608,1668904134349,0.0024434609804302454,0.0024434609804302454,0.004886921960860491
609,1668904134359,0.0024434609804302454,0.0024434609804302454,0.006108652334660292
610,1668904134369,0.0024434609804302454,0.00366519158706069,0.004886921960860491
611,1668904134377,0.00366519158706069,0.0024434609804302454,0.004886921960860491
612,1668904134388,0.0024434609804302454,0.004886921960860491,0.006108652334660292
613,1668904134395,0.0024434609804302454,0.004886921960860491,0.004886921960860491
614,1668904134408,0.0024434609804302454,0.0024434609804302454,0.004886921960860491
615,1668904134415,0.0024434609804302454,0.0024434609804302454,0.004886921960860491
616,1668904134422,0.0024434609804302454,0.0024434609804302454,0.004886921960860491
617,1668904134430,0.0024434609804302454,0.004886921960860491,0.004886921960860491
618,1668904134447,0.0012217304902151227,0.006108652334660292,0.00366519158706069
619,1668904134452,0.0012217304902151227,0.006108652334660292,0.00366519158706069
620,1668904134461,0.0024434609804302454,0.0024434609804302454,0.004886921960860491
621,1668904134471,0.0024434609804302454,0.004886921960860491,0.004886921960860491
622,1668904134479,0.0024434609804302454,0.0024434609804302454,0.004886921960860491
623,1668904134489,0.0024434609804302454,0.00366519158706069,0.004886921960860491
624,1668904134497,0.0024434609804302454,0.0024434609804302454,0.004886921960860491
625,1668904134507,0.0024434609804302454,0.0024434609804302454,0.004886921960860491
626,1668904134518,0.0024434609804302454,0.00366519158706069,0.006108652334660292
627,1668904134530,0.0024434609804302454,0.0012217304902151227,0.006108652334660292
628,1668904134540,0.0012217304902151227,0.0012217304902151227,0.006108652334660292
629,1668904134552,0.0012217304902151227,0.0024434609804302454,0.006108652334660292
630,1668904134562,0.0012217304902151227,0.00366519158706069,0.004886921960860491
631,1668904134572,0.0012217304902151227,0.0024434609804302454,0.004886921960860491
632,1668904134582,0.0012217304902151227,0.00366519158706069,0.004886921960860491
633,1668904134590,0.0012217304902151227,0.00366519158706069,0.004886921960860491
634,1668904134600,0.0024434609804302454,0.00366519158706069,0.004886921960860491
635,1668904134607,0.0024434609804302454,0.0024434609804302454,0.004886921960860491
636,1668904134617,0.0012217304902151227,0.00366519158706069,0.004886921960860491
637,1668904134627,0.0024434609804302454,0.0012217304902151227,0.004886921960860491
638,1668904134635,0.0024434609804302454,0.0012217304902151227,0.004886921960860491
639,1668904134648,0.0012217304902151227,0.0024434609804302454,0.004886921960860491
640,1668904134658,0.0024434609804302454,0.0012217304902151227,0.006108652334660292
641,1668904134667,0.0024434609804302454,0.00366519158706069,0.004886921960860491
642,1668904134674,0.0024434609804302454,0.00366519158706069,0.004886921960860491
643,1668904134686,0.0012217304902151227,0.00366519158706069,0.006108652334660292
644,1668904134693,0.0012217304902151227,0.00366519158706069,0.006108652334660292
645,1668904134709,0.0024434609804302454,0.0012217304902151227,0.004886921960860491
646,1668904134727,0.0024434609804302454,0.0024434609804302454,0.004886921960860491
647,1668904134734,0.0024434609804302454,0.0024434609804302454,0.004886921960860491
648,1668904134743,0.0024434609804302454,0.00366519158706069,0.004886921960860491
649,1668904134751,0.0024434609804302454,0.00366519158706069,0.006108652334660292
650,1668904134759,0.0024434609804302454,0.0012217304902151227,0.004886921960860491
651,1668904134765,0.0024434609804302454,0.0012217304902151227,0.004886921960860491
652,1668904134772,0.0024434609804302454,0.00366519158706069,0.006108652334660292
653,1668904134779,0.0024434609804302454,0.0024434609804302454,0.004886921960860491
654,1668904134785,0.0024434609804302454,0.0024434609804302454,0.004886921960860491
655,1668904134793,0.0,0.0012217304902151227,0.006108652334660292
656,1668904134800,0.0,-0.004886921960860491,0.004886921960860491
657,1668904134808,0.00733038317412138,-0.0012217304902151227,0.006108652334660292
658,1668904134815,0.00733038317412138,-0.0012217304902151227,0.006108652334660292
659,1668904134822,0.0024434609804302454,0.0,0.004886921960860491
660,1668904134831,0.0,0.0012217304902151227,0.004886921960860491
661,1668904134836,0.0,0.0012217304902151227,0.004886921960860491
662,1668904134844,0.004886921960860491,0.00366519158706069,0.006108652334660292
663,1668904134851,0.0024434609804302454,0.004886921960860491,0.004886921960860491
664,1668904134857,0.0024434609804302454,0.004886921960860491,0.004886921960860491
665,1668904134865,0.0024434609804302454,0.004886921960860491,0.004886921960860491
666,1668904134872,0.0024434609804302454,0.0012217304902151227,0.006108652334660292
667,1668904134881,0.004886921960860491,0.004886921960860491,0.006108652334660292
668,1668904134891,-0.010995574295520782,0.004886921960860491,0.00733038317412138
669,1668904134900,-0.013439035043120384,0.0012217304902151227,0.006108652334660292
670,1668904134907,-0.013439035043120384,0.0012217304902151227,0.006108652334660292
671,1668904134919,0.004886921960860491,0.0012217304902151227,0.00366519158706069
672,1668904134930,-0.40683624148368835,0.6633996367454529,0.11850785464048386
673,1668904134942,-0.940732479095459,1.3768903017044067,0.41172316670417786
674,1668904134956,-0.3836233615875244,0.2968805134296417,0.18325957655906677
675,1668904134970,0.6145304441452026,-0.7134906053543091,-0.1111774742603302
676,1668904134978,0.6145304441452026,-0.7134906053543091,-0.1111774742603302
677,1668904134986,0.35552358627319336,-0.5167919993400574,-0.07696902006864548
678,1668904134993,0.028099801391363144,-0.10873401165008545,-0.010995574295520782
679,1668904135000,-0.1111774742603302,0.16982053220272064,0.025656340643763542
680,1668904135006,-0.1111774742603302,0.16982053220272064,0.025656340643763542
681,1668904135013,-0.03787364438176155,0.07452555745840073,0.009773843921720982
682,1668904135021,0.0659734457731247,-0.08185594528913498,-0.004886921960860491
683,1668904135029,0.02687807008624077,-0.02932153269648552,-0.006108652334660292
684,1668904135034,0.02687807008624077,-0.02932153269648552,-0.006108652334660292
685,1668904135042,0.00855211354792118,0.2590068578720093,-0.14416420459747314
686,1668904135049,0.059864792972803116,0.19547687470912933,0.024434609338641167
687,1668904135054,0.059864792972803116,0.19547687470912933,0.024434609338641167
688,1668904135061,-0.23457226157188416,-0.675616979598999,0.8662069439888
689,1668904135068,-0.3591887652873993,-0.8808676600456238,1.6200146675109863
690,1668904135074,-0.3591887652873993,-0.8808676600456238,1.6200146675109863
691,1668904135081,-0.02932153269648552,-0.3445279896259308,2.0647244453430176
692,1668904135088,0.05497787147760391,-0.2724458873271942,1.0836749076843262
693,1668904135095,0.05497787147760391,-0.2724458873271942,1.0836749076843262
694,1668904135102,0.26633724570274353,-0.6585127115249634,0.7367035150527954
695,1668904135109,0.35552358627319336,-0.8429940342903137,1.2877039909362793
696,1668904135115,0.35552358627319336,-0.8429940342903137,1.2877039909362793
697,1668904135125,0.485027015209198,-0.4300491213798523,1.312138557434082
698,1668904135134,0.3445279896259308,0.0403171069920063,0.5363397002220154
699,1668904135142,-0.03176499158143997,-0.010995574295520782,0.3127630054950714
700,1668904135152,-0.1820378452539444,-0.1563815027475357,0.6499606370925903
701,1668904135162,-0.18081611394882202,-0.07330382615327835,0.6719517707824707
702,1668904135171,-0.1612684279680252,-0.00733038317412138,0.4801400899887085
703,1668904135182,0.006108652334660292,0.4080579876899719,0.41661009192466736
704,1668904135199,0.6719517707824707,0.6157521605491638,0.31520646810531616
705,1668904135207,0.6719517707824707,0.6157521605491638,0.31520646810531616
706,1668904135236,0.12950342893600464,0.17104226350784302,-0.018325956538319588
707,1668904135244,0.5607742667198181,0.16371189057826996,0.27122417092323303
708,1668904135253,0.11239920556545258,-0.004886921960860491,0.37751471996307373
709,1668904135266,0.05742133408784866,0.018325956538319588,0.04886921867728233
710,1668904135277,-0.10384709388017654,0.02687807008624077,-0.5876523852348328
711,1668904135286,-0.44104471802711487,0.08674286305904388,-1.2278391122817993
712,1668904135297,-0.646295428276062,0.19914206862449646,-1.7177530527114868
713,1668904135317,-0.7635815739631653,0.6206390857696533,-2.372600555419922
714,1668904135326,-1.4391984939575195,0.827111542224884,-2.5839600563049316
715,1668904135334,-1.9950858354568481,0.7965682744979858,-2.403143882751465
716,1668904135342,-1.1655309200286865,0.6866125464439392,-1.539380431175232
717,1668904135350,0.32986724376678467,1.1239920854568481,-0.5534439086914062
718,1668904135361,1.303586483001709,1.3720033168792725,0.2724458873271942
719,1668904135374,1.4123204946517944,0.9101892113685608,0.6914994716644287
720,1668904135384,1.1728612184524536,0.32009339332580566,0.7159340381622314
721,1668904135392,1.5332717895507812,0.021991148591041565,0.5400048494338989
722,1668904135403,2.0170769691467285,-0.22602014243602753,0.23945917189121246
723,1668904135407,2.0170769691467285,-0.22602014243602753,0.23945917189121246
724,1668904135415,1.7910568714141846,-0.48380526900291443,-0.004886921960860491
725,1668904135423,2.2003366947174072,-0.6621779203414917,0.17592918872833252
726,1668904135430,2.9236011505126953,-0.49357911944389343,0.3188716471195221
727,1668904135436,2.9236011505126953,-0.49357911944389343,0.3188716471195221
728,1668904135444,2.339613914489746,-0.2785545587539673,-0.19792033731937408
729,1668904135451,0.7452555894851685,0.04886921867728233,-0.685390830039978
730,1668904135457,0.7452555894851685,0.04886921867728233,-0.685390830039978
731,1668904135465,-1.243721604347229,-0.004886921960860491,-0.750142514705658
732,1668904135473,-3.9706242084503174,-0.1722639948129654,-0.3799581825733185
733,1668904135478,-3.9706242084503174,-0.1722639948129654,-0.3799581825733185
734,1668904135486,-6.01824426651001,0.21624629199504852,0.1771509200334549
735,1668904135493,-5.51000452041626,-0.23457226157188416,0.646295428276062
736,1668904135502,-1.1313223838806152,-2.0952677726745605,0.626747727394104
737,1668904135507,-1.1313223838806152,-2.0952677726745605,0.626747727394104
738,1668904135521,1.236391305923462,-2.582738161087036,-0.1661553531885147
739,1668904135532,2.054950714111328,-0.46547931432724,-0.50335294008255
740,1668904135537,2.054950714111328,-0.46547931432724,-0.50335294008255
741,1668904135553,-0.9810495972633362,0.8026769161224365,0.14294247329235077
742,1668904135573,-0.12461651116609573,0.5656611919403076,0.23457226157188416
743,1668904135583,0.31520646810531616,-0.02321287989616394,-0.00855211354792118
744,1668904135589,0.31520646810531616,-0.02321287989616394,-0.00855211354792118
745,1668904135603,0.2736676335334778,-0.4337143301963806,-0.11728613078594208
746,1668904135612,0.2736676335334778,-0.4337143301963806,-0.11728613078594208
747,1668904135619,0.2736676335334778,-0.4337143301963806,-0.11728613078594208
748,1668904135627,0.2736676335334778,-0.4337143301963806,-0.11728613078594208
749,1668904135636,0.2736676335334778,-0.4337143301963806,-0.11728613078594208
750,1668904135645,0.2736676335334778,-0.4337143301963806,-0.11728613078594208
751,1668904135654,0.2736676335334778,-0.4337143301963806,-0.11728613078594208
752,1668904135665,0.2736676335334778,-0.4337143301963806,-0.11728613078594208
753,1668904135683,-0.00733038317412138,0.04398229718208313,0.010995574295520782
754,1668904135699,0.006108652334660292,0.00366519158706069,0.004886921960860491
755,1668904135713,0.0,0.009773843921720982,0.00733038317412138
756,1668904135729,0.0,0.009773843921720982,0.00733038317412138
757,1668904135751,0.0,-0.012217304669320583,0.006108652334660292
758,1668904135762,0.0012217304902151227,-0.00366519158706069,0.006108652334660292
759,1668904135778,0.0,0.00366519158706069,0.006108652334660292
760,1668904135791,0.0012217304902151227,0.0012217304902151227,0.006108652334660292
761,1668904135801,0.0012217304902151227,-0.0012217304902151227,0.004886921960860491
762,1668904135817,0.0,0.0012217304902151227,0.006108652334660292
763,1668904135827,-0.0012217304902151227,-0.0024434609804302454,0.006108652334660292
764,1668904135836,0.0012217304902151227,-0.0012217304902151227,0.006108652334660292
765,1668904135842,0.0012217304902151227,-0.0012217304902151227,0.006108652334660292
766,1668904135852,0.0024434609804302454,0.0012217304902151227,0.00733038317412138
767,1668904135864,0.0012217304902151227,-0.0024434609804302454,0.006108652334660292
768,1668904135873,0.0012217304902151227,-0.00366519158706069,0.006108652334660292
769,1668904135881,0.0012217304902151227,-0.00366519158706069,0.006108652334660292
770,1668904135889,0.0012217304902151227,-0.0012217304902151227,0.006108652334660292
771,1668904135897,0.0,0.0012217304902151227,0.00733038317412138
772,1668904135906,0.0,-0.0012217304902151227,0.00733038317412138
773,1668904135914,0.0,-0.0024434609804302454,0.006108652334660292
774,1668904135921,0.0,-0.0024434609804302454,0.006108652334660292
775,1668904135933,0.0,0.00366519158706069,0.006108652334660292
776,1668904135945,0.0,0.0012217304902151227,0.004886921960860491
777,1668904135954,0.0,-0.00366519158706069,0.004886921960860491
778,1668904135963,0.0,-0.00366519158706069,0.004886921960860491
779,1668904135980,-0.0024434609804302454,-0.0024434609804302454,0.006108652334660292
780,1668904136008,0.08918632566928864,0.12095131725072861,0.0
781,1668904136029,0.827111542224884,2.4862215518951416,0.06475171446800232
782,1668904136042,0.36529740691185,2.144136905670166,0.1270599663257599
783,1668904136060,-0.1820378452539444,-0.3481931984424591,0.00733038317412138
784,1668904136080,-0.5155702829360962,-1.9535470008850098,-0.14049901068210602
785,1668904136145,-0.019547687843441963,0.09896016865968704,0.03420845419168472
786,1668904136177,-0.00855211354792118,0.11239920556545258,0.01466076634824276
787,1668904136218,-0.00855211354792118,0.11239920556545258,0.01466076634824276
788,1668904136251,0.0,-0.024434609338641167,0.00366519158706069
789,1668904136397,0.0,0.01466076634824276,0.006108652334660292
790,1668904136428,0.0,0.01466076634824276,0.006108652334660292
791,1668904136446,0.0,0.01466076634824276,0.006108652334660292
792,1668904136517,0.0,-0.0012217304902151227,0.004886921960860491
793,1668904136530,0.0,-0.0012217304902151227,0.004886921960860491
794,1668904136581,0.0,-0.0012217304902151227,0.004886921960860491
795,1668904136626,-0.0012217304902151227,0.0,0.006108652334660292
796,1668904136644,-0.0012217304902151227,0.0,0.006108652334660292
797,1668904136883,0.0,0.0,0.004886921960860491
798,1668904137047,0.0012217304902151227,0.0024434609804302454,0.006108652334660292
799,1668904137115,0.0012217304902151227,0.0024434609804302454,0.006108652334660292
800,1668904137132,0.0012217304902151227,0.0024434609804302454,0.006108652334660292
801,1668904137159,0.0012217304902151227,0.0012217304902151227,0.006108652334660292
802,1668904137174,0.0012217304902151227,0.0012217304902151227,0.006108652334660292
803,1668904137187,0.0012217304902151227,0.0012217304902151227,0.006108652334660292
804,1668904137204,0.0012217304902151227,0.0012217304902151227,0.006108652334660292
805,1668904137242,0.0012217304902151227,0.0012217304902151227,0.006108652334660292
806,1668904137275,0.0,0.0,0.004886921960860491
807,1668904137282,0.0012217304902151227,-0.0012217304902151227,0.006108652334660292
808,1668904137296,0.0012217304902151227,-0.0012217304902151227,0.006108652334660292
809,1668904137306,0.0012217304902151227,0.0,0.004886921960860491
810,1668904137313,0.0012217304902151227,0.0,0.004886921960860491
811,1668904137320,0.0012217304902151227,0.0012217304902151227,0.006108652334660292
812,1668904137328,0.0012217304902151227,0.0,0.006108652334660292
813,1668904137337,0.0012217304902151227,0.0,0.006108652334660292
814,1668904137352,0.0012217304902151227,-0.00366519158706069,0.004886921960860491
815,1668904137362,0.0,-0.0024434609804302454,0.006108652334660292
816,1668904137368,0.0,-0.0024434609804302454,0.006108652334660292
817,1668904137382,0.0,0.0012217304902151227,0.006108652334660292
818,1668904137395,0.0,0.0012217304902151227,0.006108652334660292
819,1668904137401,0.0012217304902151227,0.0012217304902151227,0.006108652334660292
820,1668904137408,0.0,-0.0012217304902151227,0.006108652334660292
821,1668904137416,0.0,0.0,0.006108652334660292
822,1668904137420,0.0,0.0,0.006108652334660292
823,1668904137426,0.0,-0.00366519158706069,0.006108652334660292
824,1668904137433,0.0,-0.00366519158706069,0.004886921960860491
825,1668904137443,0.0,-0.00366519158706069,0.004886921960860491
826,1668904137451,0.0,-0.00366519158706069,0.006108652334660292
827,1668904137459,0.0,-0.00733038317412138,0.004886921960860491
828,1668904137467,0.0012217304902151227,-0.00855211354792118,0.006108652334660292
829,1668904137475,0.0,-0.00366519158706069,0.006108652334660292
830,1668904137481,0.0,-0.00366519158706069,0.006108652334660292
831,1668904137498,0.0012217304902151227,-0.0024434609804302454,0.00733038317412138
832,1668904137503,0.0012217304902151227,0.0,0.006108652334660292
833,1668904137510,0.0012217304902151227,0.0,0.006108652334660292
834,1668904137517,0.0012217304902151227,0.0,0.004886921960860491
835,1668904137523,0.0012217304902151227,0.0,0.004886921960860491
836,1668904137529,0.0024434609804302454,0.0024434609804302454,0.006108652334660292
837,1668904137535,0.0012217304902151227,0.0012217304902151227,0.00733038317412138
838,1668904137547,0.0012217304902151227,-0.0012217304902151227,0.006108652334660292
839,1668904137553,0.0012217304902151227,-0.0012217304902151227,0.006108652334660292
840,1668904137561,0.0012217304902151227,-0.0024434609804302454,0.004886921960860491
841,1668904137568,0.0,-0.0012217304902151227,0.006108652334660292
842,1668904137573,0.0,-0.0012217304902151227,0.006108652334660292
843,1668904137580,0.0,-0.0012217304902151227,0.00733038317412138
844,1668904137587,0.0,-0.0024434609804302454,0.006108652334660292
845,1668904137600,0.0,0.0,0.006108652334660292
846,1668904137608,0.0,-0.00366519158706069,0.00733038317412138
847,1668904137614,0.0012217304902151227,-0.0012217304902151227,0.006108652334660292
848,1668904137620,0.0012217304902151227,-0.0012217304902151227,0.006108652334660292
849,1668904137629,0.0024434609804302454,0.0,0.004886921960860491
850,1668904137637,0.0,-0.0012217304902151227,0.006108652334660292
851,1668904137654,-0.0012217304902151227,-0.0024434609804302454,0.004886921960860491
852,1668904137664,0.0,0.0,0.006108652334660292
853,1668904137676,0.0012217304902151227,-0.0012217304902151227,0.006108652334660292
854,1668904137684,0.0024434609804302454,-0.0012217304902151227,0.004886921960860491
855,1668904137702,0.0012217304902151227,-0.0012217304902151227,0.004886921960860491
856,1668904137707,0.0012217304902151227,-0.0012217304902151227,0.004886921960860491
857,1668904137714,0.0,0.0012217304902151227,0.004886921960860491
858,1668904137719,0.0,0.0012217304902151227,0.004886921960860491
859,1668904137726,0.0,0.0,0.006108652334660292
860,1668904137733,0.004886921960860491,0.00366519158706069,0.00855211354792118
861,1668904137748,0.006108652334660292,0.013439035043120384,0.009773843921720982
862,1668904137753,0.006108652334660292,0.013439035043120384,0.009773843921720982
863,1668904137761,0.00855211354792118,0.01466076634824276,0.009773843921720982
864,1668904137767,0.0024434609804302454,0.006108652334660292,0.009773843921720982
865,1668904137776,-0.00366519158706069,-0.0012217304902151227,0.009773843921720982
866,1668904137780,-0.00366519158706069,-0.0012217304902151227,0.009773843921720982
867,1668904137787,-0.0024434609804302454,-0.00366519158706069,0.010995574295520782
868,1668904137798,0.004886921960860491,0.0012217304902151227,0.00855211354792118
869,1668904137804,0.010995574295520782,0.00855211354792118,0.00733038317412138
870,1668904137815,0.015882495790719986,0.013439035043120384,0.004886921960860491
871,1668904137819,0.015882495790719986,0.013439035043120384,0.004886921960860491
872,1668904137826,0.018325956538319588,0.00855211354792118,0.0012217304902151227
873,1668904137835,0.03420845419168472,0.0012217304902151227,-0.00366519158706069
874,1668904137846,0.03420845419168472,0.0012217304902151227,-0.00366519158706069
875,1668904137852,0.05619960278272629,0.021991148591041565,-0.01466076634824276
876,1668904137861,0.07452555745840073,0.059864792972803116,-0.03176499158143997
877,1668904137868,0.10873401165008545,0.08429940044879913,-0.06108652427792549
878,1668904137874,0.10873401165008545,0.08429940044879913,-0.06108652427792549
879,1668904137881,0.15027284622192383,0.1014036312699318,-0.09040805697441101
880,1668904137887,0.17104226350784302,0.1111774742603302,-0.1111774742603302
881,1668904137902,0.1466076523065567,0.1111774742603302,-0.1062905490398407
882,1668904137908,0.12217304855585098,0.10506882518529892,-0.08185594528913498
883,1668904137914,0.07819075137376785,0.07941248267889023,-0.04153883829712868
884,1668904137921,0.07819075137376785,0.07941248267889023,-0.04153883829712868
885,1668904137927,0.039095375686883926,0.05009094998240471,-0.015882495790719986
886,1668904137933,0.039095375686883926,0.05009094998240471,-0.015882495790719986
887,1668904137940,0.021991148591041565,0.03176499158143997,0.0
888,1668904137951,0.012217304669320583,0.028099801391363144,0.010995574295520782
889,1668904137960,0.004886921960860491,0.03176499158143997,0.018325956538319588
890,1668904137966,0.00855211354792118,0.036651913076639175,0.024434609338641167
891,1668904137972,0.00855211354792118,0.036651913076639175,0.024434609338641167
892,1668904137979,0.015882495790719986,0.05497787147760391,0.036651913076639175
893,1668904137988,0.028099801391363144,0.08552113175392151,0.05619960278272629
894,1668904138002,0.04398229718208313,0.11850785464048386,0.0659734457731247
895,1668904138011,0.05619960278272629,0.12828169763088226,0.06719517707824707
896,1668904138017,0.05619960278272629,0.10873401165008545,0.05009094998240471
897,1668904138032,0.05864306539297104,0.07819075137376785,0.024434609338641167
898,1668904138041,0.051312681287527084,0.0659734457731247,0.01466076634824276
899,1668904138048,0.059864792972803116,0.07208210229873657,0.0012217304902151227
900,1668904138053,0.059864792972803116,0.07208210229873657,0.0012217304902151227
901,1668904138068,0.08185594528913498,0.0708603709936142,-0.03420845419168472
902,1668904138076,0.1062905490398407,0.0757472887635231,-0.0403171069920063
903,1668904138081,0.1062905490398407,0.0757472887635231,-0.0403171069920063
904,1668904138091,0.1062905490398407,0.08552113175392151,-0.042760565876960754
905,1668904138101,0.11972958594560623,0.10751228034496307,-0.039095375686883926
906,1668904138109,0.09285151958465576,0.13561208546161652,-0.02687807008624077
907,1668904138115,0.09285151958465576,0.13561208546161652,-0.02687807008624077
908,1668904138121,0.0757472887635231,0.13316862285137177,-0.021991148591041565
909,1668904138128,0.07330382615327835,0.10262536257505417,-0.0012217304902151227
910,1668904138133,0.07330382615327835,0.10262536257505417,-0.0012217304902151227
911,1668904138142,0.07208210229873657,0.1270599663257599,0.019547687843441963
912,1668904138151,0.09407325088977814,0.1514945775270462,-0.04153883829712868
913,1668904138161,0.11484266817569733,0.12828169763088226,-0.08796459436416626
914,1668904138169,0.1514945775270462,0.09407325088977814,-0.1368338167667389
915,1668904138176,0.1514945775270462,0.09407325088977814,-0.1368338167667389
916,1668904138182,0.16004669666290283,0.059864792972803116,-0.21013765037059784
917,1668904138192,0.10018189996480942,0.20891591906547546,-0.33475416898727417
918,1668904138202,-0.08185594528913498,0.11239920556545258,-0.28588494658470154
919,1668904138210,-0.14905111491680145,-0.18936823308467865,-0.13561208546161652
920,1668904138217,-0.32986724376678467,-0.49846604466438293,-0.013439035043120384
921,1668904138222,-0.32986724376678467,-0.49846604466438293,-0.013439035043120384
922,1668904138230,-0.5827654600143433,-0.6768386960029602,0.17470745742321014
923,1668904138235,-0.5827654600143433,-0.6768386960029602,0.17470745742321014
924,1668904138249,-0.4337143301963806,-0.6890559792518616,0.16493362188339233
925,1668904138254,-0.4337143301963806,-0.6890559792518616,0.16493362188339233
926,1668904138262,0.2125810980796814,0.11728613078594208,0.17470745742321014
927,1668904138268,0.03420845419168472,0.3274237811565399,0.02932153269648552
928,1668904138274,0.03420845419168472,0.3274237811565399,0.02932153269648552
929,1668904138281,0.03787364438176155,0.19058994948863983,-0.05619960278272629
930,1668904138287,-0.019547687843441963,-0.0708603709936142,-0.004886921960860491
931,1668904138300,-0.013439035043120384,-0.14905111491680145,-0.0024434609804302454
932,1668904138307,-0.013439035043120384,-0.14905111491680145,-0.0024434609804302454
933,1668904138314,0.004886921960860491,-0.0403171069920063,-0.0012217304902151227
934,1668904138321,-0.00855211354792118,0.04642575979232788,0.006108652334660292
935,1668904138328,-0.006108652334660292,0.009773843921720982,0.004886921960860491
936,1668904138335,-0.006108652334660292,0.009773843921720982,0.004886921960860491
937,1668904138349,-0.00366519158706069,-0.021991148591041565,-0.0024434609804302454
938,1668904138356,-0.00366519158706069,-0.021991148591041565,-0.0024434609804302454
939,1668904138364,-0.00366519158706069,0.006108652334660292,0.0
940,1668904138372,-0.0024434609804302454,0.0024434609804302454,0.0012217304902151227
941,1668904138379,0.0,-0.010995574295520782,0.0012217304902151227
942,1668904138384,0.0,-0.010995574295520782,0.0012217304902151227
943,1668904138399,-0.0024434609804302454,-0.004886921960860491,0.0024434609804302454
944,1668904138404,-0.0024434609804302454,-0.004886921960860491,0.0024434609804302454
945,1668904138415,-0.0012217304902151227,-0.00366519158706069,0.0024434609804302454
946,1668904138421,-0.0012217304902151227,-0.004886921960860491,0.0024434609804302454
947,1668904138427,-0.0012217304902151227,-0.004886921960860491,0.0024434609804302454
948,1668904138434,-0.0012217304902151227,-0.00733038317412138,0.0024434609804302454
949,1668904138442,-0.0012217304902151227,-0.00733038317412138,0.0024434609804302454
950,1668904138451,-0.0012217304902151227,-0.00366519158706069,0.00366519158706069
951,1668904138458,-0.0012217304902151227,-0.00366519158706069,0.00366519158706069
952,1668904138465,-0.0012217304902151227,-0.006108652334660292,0.00366519158706069
953,1668904138472,-0.0012217304902151227,-0.00366519158706069,0.00366519158706069
954,1668904138481,-0.0012217304902151227,-0.0024434609804302454,0.004886921960860491
955,1668904138485,-0.0012217304902151227,-0.0024434609804302454,0.004886921960860491
956,1668904138500,0.0,-0.0024434609804302454,0.00366519158706069
957,1668904138510,-0.0012217304902151227,-0.0024434609804302454,0.00366519158706069
958,1668904138515,-0.0012217304902151227,-0.0024434609804302454,0.00366519158706069
959,1668904138522,0.0,0.0,0.004886921960860491
960,1668904138529,0.0,-0.0012217304902151227,0.006108652334660292
961,1668904138535,0.0,-0.0012217304902151227,0.006108652334660292
962,1668904138549,0.0024434609804302454,0.0,0.004886921960860491
963,1668904138554,0.0024434609804302454,0.0,0.004886921960860491
964,1668904138564,0.0012217304902151227,-0.0012217304902151227,0.00366519158706069
965,1668904138572,0.0012217304902151227,0.0,0.00366519158706069
966,1668904138580,0.0012217304902151227,0.0,0.004886921960860491
967,1668904138586,0.0012217304902151227,0.0,0.004886921960860491
968,1668904138602,0.0012217304902151227,-0.0012217304902151227,0.00366519158706069
969,1668904138611,0.0012217304902151227,0.0012217304902151227,0.004886921960860491
970,1668904138620,0.0012217304902151227,-0.0012217304902151227,0.004886921960860491
971,1668904138625,0.0012217304902151227,-0.0012217304902151227,0.004886921960860491
972,1668904138632,0.0,-0.0024434609804302454,0.004886921960860491
973,1668904138650,0.0012217304902151227,0.0,0.004886921960860491
974,1668904138653,0.0012217304902151227,0.0,0.004886921960860491
975,1668904138663,0.0024434609804302454,-0.0012217304902151227,0.00366519158706069
976,1668904138669,0.0024434609804302454,0.0,0.004886921960860491
977,1668904138676,0.0024434609804302454,0.0,0.004886921960860491
978,1668904138684,0.0012217304902151227,-0.0012217304902151227,0.004886921960860491
979,1668904138694,0.0012217304902151227,-0.0012217304902151227,0.00366519158706069
980,1668904138703,0.0024434609804302454,-0.0012217304902151227,0.004886921960860491
981,1668904138712,0.0024434609804302454,0.0,0.004886921960860491
982,1668904138722,0.0024434609804302454,-0.0012217304902151227,0.004886921960860491
983,1668904138730,0.021991148591041565,-0.010995574295520782,0.00855211354792118
984,1668904138743,0.01710422709584236,-0.025656340643763542,0.004886921960860491
985,1668904138753,-0.0024434609804302454,-0.006108652334660292,0.00733038317412138
986,1668904138763,0.006108652334660292,0.004886921960860491,0.004886921960860491
987,1668904138771,0.004886921960860491,-0.00366519158706069,0.004886921960860491
988,1668904138777,0.004886921960860491,-0.00366519158706069,0.004886921960860491
989,1668904138784,0.00366519158706069,-0.004886921960860491,0.004886921960860491
990,1668904138801,0.0024434609804302454,0.0,0.006108652334660292
991,1668904138807,0.0024434609804302454,0.0,0.006108652334660292
992,1668904138815,0.00366519158706069,-0.004886921960860491,0.004886921960860491
993,1668904138822,0.00366519158706069,-0.0012217304902151227,0.004886921960860491
994,1668904138829,0.00366519158706069,0.0024434609804302454,0.004886921960860491
995,1668904138835,0.00366519158706069,0.0024434609804302454,0.004886921960860491
996,1668904138850,0.00366519158706069,-0.0024434609804302454,0.004886921960860491
997,1668904138860,0.0024434609804302454,0.0,0.004886921960860491
998,1668904138870,0.0024434609804302454,0.0,0.004886921960860491
999,1668904138877,0.0024434609804302454,0.0,0.004886921960860491
1000,1668904138885,0.0024434609804302454,0.0,0.004886921960860491
1001,1668904138899,0.0024434609804302454,0.0012217304902151227,0.006108652334660292
1002,1668904138907,0.0012217304902151227,0.0012217304902151227,0.004886921960860491
1003,1668904138914,0.0012217304902151227,-0.0012217304902151227,0.004886921960860491
1004,1668904138920,0.0012217304902151227,0.0,0.004886921960860491
1005,1668904138926,0.0012217304902151227,0.0,0.004886921960860491
1006,1668904138933,0.0024434609804302454,-0.0012217304902151227,0.004886921960860491
1007,1668904138938,0.0024434609804302454,-0.0012217304902151227,0.004886921960860491
1008,1668904138952,0.0024434609804302454,0.0024434609804302454,0.004886921960860491
1009,1668904138959,0.0024434609804302454,0.0024434609804302454,0.004886921960860491
1010,1668904138966,0.0024434609804302454,0.0,0.004886921960860491
1011,1668904138972,0.00366519158706069,0.0012217304902151227,0.004886921960860491
1012,1668904138978,0.00366519158706069,0.0012217304902151227,0.004886921960860491
1013,1668904138984,0.00366519158706069,0.0,0.004886921960860491
1014,1668904138996,0.0024434609804302454,0.0012217304902151227,0.004886921960860491
